timestamp,idk,idk2,rated_real_power,idk3,max_watts_hour,idk4,idk5,real_available_Wh,idk6,consumed_watts,op_state
Mon Sep 20 00:00:07 2021, 0, 5149, 0, 6, 0, 0, 7, 0, 0, 0, 0
Mon Sep 20 00:01:07 2021, 0, 5149, 0, 6, 0, 0, 7, 0, 0, 0, 0
Mon Sep 20 00:02:08 2021, 0, 5149, 0, 6, 0, 0, 7, 0, 0, 0, 0
Mon Sep 20 00:03:08 2021, 0, 5149, 0, 6, 0, 0, 7, 0, 0, 0, 0
Mon Sep 20 00:04:09 2021, 0, 5149, 0, 6, 0, 0, 7, 0, 0, 0, 0
Mon Sep 20 00:05:09 2021, 0, 5149, 0, 6, 0, 0, 7, 0, 0, 0, 0
Mon Sep 20 00:06:10 2021, 0, 5149, 0, 6, 0, 0, 7, 0, 0, 0, 0
Mon Sep 20 00:07:11 2021, 0, 5149, 0, 6, 0, 0, 7, 0, 0, 0, 0
Mon Sep 20 00:08:11 2021, 0, 5149, 0, 6, 0, 0, 7, 0, 0, 0, 0
Mon Sep 20 00:09:12 2021, 0, 5149, 0, 6, 0, 0, 7, 0, 0, 0, 0
Mon Sep 20 00:10:12 2021, 0, 5149, 0, 6, 0, 0, 7, 0, 0, 0, 0
Mon Sep 20 00:11:13 2021, 0, 5149, 0, 6, 0, 0, 7, 0, 0, 0, 0
Mon Sep 20 00:12:14 2021, 0, 5149, 0, 6, 0, 0, 7, 0, 0, 0, 0
Mon Sep 20 00:13:14 2021, 0, 5149, 0, 6, 0, 0, 7, 0, 0, 0, 0
Mon Sep 20 00:14:15 2021, 0, 5149, 0, 6, 0, 0, 7, 0, 0, 0, 0
Mon Sep 20 00:15:15 2021, 0, 5149, 0, 6, 0, 0, 7, 0, 0, 0, 0
Mon Sep 20 00:16:16 2021, 0, 5149, 0, 6, 0, 0, 7, 0, 0, 0, 0
Mon Sep 20 00:17:17 2021, 0, 5149, 0, 6, 0, 0, 7, 0, 0, 0, 0
Mon Sep 20 00:18:17 2021, 0, 5149, 0, 6, 0, 0, 7, 0, 0, 0, 0
Mon Sep 20 00:19:18 2021, 0, 5149, 0, 6, 0, 0, 7, 0, 0, 0, 0
Mon Sep 20 00:20:18 2021, 0, 5149, 0, 6, 0, 0, 7, 0, 0, 0, 0
Mon Sep 20 00:21:19 2021, 0, 5149, 0, 6, 0, 0, 7, 0, 0, 0, 0
Mon Sep 20 00:22:19 2021, 0, 5149, 0, 6, 0, 0, 7, 0, 0, 0, 0
Mon Sep 20 00:23:20 2021, 0, 5149, 0, 6, 0, 0, 7, 0, 0, 0, 0
Mon Sep 20 00:24:21 2021, 0, 5149, 0, 6, 0, 0, 7, 0, 0, 0, 0
Mon Sep 20 00:25:21 2021, 0, 5149, 0, 6, 0, 0, 7, 0, 0, 0, 0
Mon Sep 20 00:26:22 2021, 0, 5149, 0, 6, 0, 0, 7, 0, 0, 0, 0
Mon Sep 20 00:27:22 2021, 0, 5149, 0, 6, 0, 0, 7, 0, 0, 0, 0
Mon Sep 20 00:28:23 2021, 0, 5149, 0, 6, 0, 0, 7, 0, 0, 0, 0
Mon Sep 20 00:29:24 2021, 0, 5149, 0, 6, 0, 0, 7, 0, 0, 0, 0
Mon Sep 20 00:30:24 2021, 0, 5149, 0, 6, 0, 0, 7, 0, 0, 0, 0
Mon Sep 20 00:31:25 2021, 0, 5149, 0, 6, 0, 0, 7, 0, 0, 0, 0
Mon Sep 20 00:32:25 2021, 0, 5149, 0, 6, 0, 0, 7, 0, 0, 0, 0
Mon Sep 20 00:33:26 2021, 0, 5149, 0, 6, 0, 0, 7, 0, 0, 0, 0
Mon Sep 20 00:34:27 2021, 0, 5149, 0, 6, 0, 0, 7, 0, 0, 0, 0
Mon Sep 20 00:35:27 2021, 0, 5149, 0, 6, 0, 0, 7, 0, 0, 0, 0
Mon Sep 20 00:36:28 2021, 0, 5149, 0, 6, 0, 0, 7, 0, 0, 0, 0
Mon Sep 20 00:37:28 2021, 0, 5149, 0, 6, 0, 0, 7, 0, 0, 0, 0
Mon Sep 20 00:38:29 2021, 0, 5149, 0, 6, 0, 0, 7, 0, 0, 0, 0
Mon Sep 20 00:39:30 2021, 0, 5149, 0, 6, 0, 0, 7, 0, 0, 0, 0
Mon Sep 20 00:40:30 2021, 0, 5149, 0, 6, 0, 0, 7, 0, 0, 0, 0
Mon Sep 20 00:41:31 2021, 0, 5149, 0, 6, 0, 0, 7, 0, 0, 0, 0
Mon Sep 20 00:42:31 2021, 0, 5149, 0, 6, 0, 0, 7, 0, 0, 0, 0
Mon Sep 20 00:43:32 2021, 0, 5149, 0, 6, 0, 0, 7, 0, 0, 0, 0
Mon Sep 20 00:44:33 2021, 0, 5149, 0, 6, 0, 0, 7, 0, 0, 0, 0
Mon Sep 20 00:45:33 2021, 0, 5149, 0, 6, 0, 0, 7, 0, 0, 0, 0
Mon Sep 20 00:46:34 2021, 0, 5149, 0, 6, 0, 0, 7, 0, 0, 0, 0
Mon Sep 20 00:47:34 2021, 0, 5149, 0, 6, 0, 0, 7, 0, 0, 0, 0
Mon Sep 20 00:48:35 2021, 0, 5149, 0, 6, 0, 0, 7, 0, 0, 0, 0
Mon Sep 20 00:49:35 2021, 0, 5149, 0, 6, 0, 0, 7, 0, 0, 0, 0
Mon Sep 20 00:50:36 2021, 0, 5149, 0, 6, 0, 0, 7, 0, 0, 0, 0
Mon Sep 20 00:51:37 2021, 0, 5149, 0, 6, 0, 0, 7, 0, 0, 0, 0
Mon Sep 20 00:52:37 2021, 0, 5149, 0, 6, 0, 0, 7, 0, 0, 0, 0
Mon Sep 20 00:53:38 2021, 0, 5149, 0, 6, 0, 0, 7, 0, 0, 0, 0
Mon Sep 20 00:54:38 2021, 0, 5149, 0, 6, 0, 0, 7, 0, 0, 0, 0
Mon Sep 20 00:55:39 2021, 0, 5149, 0, 6, 0, 0, 7, 0, 0, 0, 0
Mon Sep 20 00:56:40 2021, 0, 5149, 0, 6, 0, 0, 7, 0, 0, 0, 0
Mon Sep 20 00:57:40 2021, 0, 5149, 0, 6, 0, 0, 7, 0, 0, 0, 0
Mon Sep 20 00:58:41 2021, 0, 5149, 0, 6, 0, 0, 7, 0, 0, 0, 0
Mon Sep 20 00:59:41 2021, 0, 5149, 0, 6, 0, 0, 7, 0, 0, 0, 0
Mon Sep 20 01:00:42 2021, 0, 5149, 0, 6, 0, 0, 7, 0, 0, 0, 0
Mon Sep 20 01:01:43 2021, 0, 5149, 0, 6, 0, 0, 7, 0, 0, 0, 0
Mon Sep 20 01:02:43 2021, 0, 5149, 0, 6, 0, 0, 7, 0, 0, 0, 0
Mon Sep 20 01:03:44 2021, 0, 5149, 0, 6, 0, 0, 7, 0, 0, 0, 0
Mon Sep 20 01:04:44 2021, 0, 5149, 0, 6, 0, 0, 7, 0, 0, 0, 0
Mon Sep 20 01:05:45 2021, 0, 5149, 0, 6, 0, 0, 7, 0, 0, 0, 0
Mon Sep 20 01:06:45 2021, 0, 5149, 0, 6, 0, 0, 7, 0, 0, 0, 0
Mon Sep 20 01:07:46 2021, 0, 5149, 0, 6, 0, 0, 7, 0, 0, 0, 0
Mon Sep 20 01:08:47 2021, 0, 5149, 0, 6, 0, 0, 7, 0, 0, 0, 0
Mon Sep 20 01:09:47 2021, 0, 5149, 0, 6, 0, 0, 7, 0, 0, 0, 0
Mon Sep 20 01:10:48 2021, 0, 5149, 0, 6, 0, 0, 7, 0, 0, 0, 0
Mon Sep 20 01:11:48 2021, 0, 5149, 0, 6, 0, 0, 7, 0, 0, 0, 0
Mon Sep 20 01:12:49 2021, 0, 5149, 0, 6, 0, 0, 7, 0, 0, 0, 0
Mon Sep 20 01:13:50 2021, 0, 5149, 0, 6, 0, 0, 7, 0, 0, 0, 0
Mon Sep 20 01:14:50 2021, 0, 5149, 0, 6, 0, 0, 7, 0, 0, 0, 0
Mon Sep 20 01:15:51 2021, 0, 5149, 0, 6, 0, 0, 7, 0, 0, 0, 0
Mon Sep 20 01:16:51 2021, 0, 5149, 0, 6, 0, 0, 7, 0, 0, 0, 0
Mon Sep 20 01:17:52 2021, 0, 5149, 0, 6, 0, 0, 7, 0, 0, 0, 0
Mon Sep 20 01:18:52 2021, 0, 5149, 0, 6, 0, 0, 7, 0, 0, 0, 0
Mon Sep 20 01:19:53 2021, 0, 5149, 0, 6, 0, 0, 7, 0, 0, 0, 0
Mon Sep 20 01:20:54 2021, 0, 5149, 0, 6, 0, 0, 7, 0, 0, 0, 0
Mon Sep 20 01:21:54 2021, 0, 5149, 0, 6, 0, 0, 7, 0, 0, 0, 0
Mon Sep 20 01:22:55 2021, 0, 5149, 0, 6, 0, 0, 7, 0, 0, 0, 0
Mon Sep 20 01:23:55 2021, 0, 5149, 0, 6, 0, 0, 7, 0, 0, 0, 0
Mon Sep 20 01:24:56 2021, 0, 5149, 0, 6, 0, 0, 7, 0, 0, 0, 0
Mon Sep 20 01:25:56 2021, 0, 5149, 0, 6, 0, 0, 7, 0, 0, 0, 0
Mon Sep 20 01:26:57 2021, 0, 5149, 0, 6, 0, 0, 7, 0, 0, 0, 0
Mon Sep 20 01:27:58 2021, 0, 5149, 0, 6, 0, 0, 7, 0, 0, 0, 0
Mon Sep 20 01:28:58 2021, 0, 5149, 0, 6, 0, 0, 7, 0, 0, 0, 0
Mon Sep 20 01:29:59 2021, 0, 5149, 0, 6, 0, 0, 7, 0, 0, 0, 0
Mon Sep 20 01:30:59 2021, 0, 5149, 0, 6, 0, 0, 7, 0, 0, 0, 0
Mon Sep 20 01:32:00 2021, 0, 5149, 0, 6, 0, 0, 7, 0, 0, 0, 0
Mon Sep 20 01:33:00 2021, 0, 5149, 0, 6, 0, 0, 7, 0, 0, 0, 0
Mon Sep 20 01:34:01 2021, 0, 5149, 0, 6, 0, 0, 7, 0, 0, 0, 0
Mon Sep 20 01:35:02 2021, 0, 5149, 0, 6, 0, 0, 7, 0, 0, 0, 0
Mon Sep 20 01:36:02 2021, 0, 5149, 0, 6, 0, 0, 7, 0, 0, 0, 0
Mon Sep 20 01:37:03 2021, 0, 5149, 0, 6, 0, 0, 7, 0, 0, 0, 0
Mon Sep 20 01:38:03 2021, 0, 5149, 0, 6, 0, 0, 7, 0, 0, 0, 0
Mon Sep 20 01:39:04 2021, 0, 5149, 0, 6, 0, 0, 7, 0, 0, 0, 0
Mon Sep 20 01:40:04 2021, 0, 5149, 0, 6, 0, 0, 7, 0, 0, 0, 0
Mon Sep 20 01:41:05 2021, 0, 5149, 0, 6, 0, 0, 7, 0, 0, 0, 0
Mon Sep 20 01:42:06 2021, 0, 5149, 0, 6, 0, 0, 7, 0, 0, 0, 0
Mon Sep 20 01:43:06 2021, 0, 5149, 0, 6, 0, 0, 7, 0, 0, 0, 0
Mon Sep 20 01:44:07 2021, 0, 5149, 0, 6, 0, 0, 7, 0, 0, 0, 0
Mon Sep 20 01:45:07 2021, 0, 5149, 0, 6, 0, 0, 7, 0, 0, 0, 0
Mon Sep 20 01:46:08 2021, 0, 5149, 0, 6, 0, 0, 7, 0, 0, 0, 0
Mon Sep 20 01:47:08 2021, 0, 5149, 0, 6, 0, 0, 7, 0, 0, 0, 0
Mon Sep 20 01:48:09 2021, 0, 5149, 0, 6, 0, 0, 7, 0, 0, 0, 0
Mon Sep 20 01:49:09 2021, 0, 5149, 0, 6, 0, 0, 7, 0, 0, 0, 0
Mon Sep 20 01:50:10 2021, 0, 5149, 0, 6, 0, 0, 7, 0, 0, 0, 0
Mon Sep 20 01:51:10 2021, 0, 5149, 0, 6, 0, 0, 7, 0, 0, 0, 0
Mon Sep 20 01:52:11 2021, 0, 5149, 0, 6, 0, 0, 7, 0, 0, 0, 0
Mon Sep 20 01:53:12 2021, 0, 5149, 0, 6, 0, 0, 7, 0, 0, 0, 0
Mon Sep 20 01:54:12 2021, 0, 5149, 0, 6, 0, 0, 7, 0, 0, 0, 0
Mon Sep 20 01:55:13 2021, 0, 5149, 0, 6, 0, 0, 7, 0, 0, 0, 0
Mon Sep 20 01:56:13 2021, 0, 5149, 0, 6, 0, 0, 7, 0, 0, 0, 0
Mon Sep 20 01:57:14 2021, 0, 5149, 0, 6, 0, 0, 7, 0, 0, 0, 0
Mon Sep 20 01:58:15 2021, 0, 5149, 0, 6, 0, 0, 7, 0, 0, 0, 0
Mon Sep 20 01:59:15 2021, 0, 5149, 0, 6, 0, 0, 7, 0, 0, 0, 0
Mon Sep 20 02:00:16 2021, 0, 5149, 0, 6, 0, 0, 7, 0, 0, 0, 0
Mon Sep 20 02:01:16 2021, 0, 5149, 0, 6, 0, 0, 7, 0, 0, 0, 0
Mon Sep 20 02:02:17 2021, 0, 5149, 0, 6, 0, 0, 7, 0, 0, 0, 0
Mon Sep 20 02:03:17 2021, 0, 5149, 0, 6, 0, 0, 7, 0, 0, 0, 0
Mon Sep 20 02:04:18 2021, 0, 5149, 0, 6, 0, 0, 7, 0, 0, 0, 0
Mon Sep 20 02:05:19 2021, 0, 5149, 0, 6, 0, 0, 7, 0, 0, 0, 0
Mon Sep 20 02:06:19 2021, 0, 5149, 0, 6, 0, 0, 7, 0, 0, 0, 0
Mon Sep 20 02:07:20 2021, 0, 5149, 0, 6, 0, 0, 7, 0, 0, 0, 0
Mon Sep 20 02:08:20 2021, 0, 5149, 0, 6, 0, 0, 7, 0, 0, 0, 0
Mon Sep 20 02:09:21 2021, 0, 5149, 0, 6, 0, 0, 7, 0, 0, 0, 0
Mon Sep 20 02:10:22 2021, 0, 5149, 0, 6, 0, 0, 7, 0, 0, 0, 0
Mon Sep 20 02:11:22 2021, 0, 5149, 0, 6, 0, 0, 7, 0, 0, 0, 0
Mon Sep 20 02:12:23 2021, 0, 5149, 0, 6, 0, 0, 7, 0, 0, 0, 0
Mon Sep 20 02:13:23 2021, 0, 5149, 0, 6, 0, 0, 7, 0, 0, 0, 0
Mon Sep 20 02:14:24 2021, 0, 5149, 0, 6, 0, 0, 7, 0, 0, 0, 0
Mon Sep 20 02:15:24 2021, 0, 5149, 0, 6, 0, 0, 7, 0, 0, 0, 0
Mon Sep 20 02:16:25 2021, 0, 5149, 0, 6, 0, 0, 7, 0, 0, 0, 0
Mon Sep 20 02:17:26 2021, 0, 5149, 0, 6, 0, 0, 7, 0, 0, 0, 0
Mon Sep 20 02:18:26 2021, 0, 5149, 0, 6, 0, 0, 7, 0, 0, 0, 0
Mon Sep 20 02:19:27 2021, 0, 5149, 0, 6, 0, 0, 7, 0, 0, 0, 0
Mon Sep 20 02:20:27 2021, 0, 5149, 0, 6, 0, 0, 7, 0, 0, 0, 0
Mon Sep 20 02:21:28 2021, 0, 5149, 0, 6, 0, 0, 7, 0, 0, 0, 0
Mon Sep 20 02:22:28 2021, 0, 5149, 0, 6, 0, 0, 7, 0, 0, 0, 0
Mon Sep 20 02:23:29 2021, 0, 5149, 0, 6, 0, 0, 7, 0, 0, 0, 0
Mon Sep 20 02:24:30 2021, 0, 5149, 0, 6, 0, 0, 7, 0, 0, 0, 0
Mon Sep 20 02:25:30 2021, 0, 5149, 0, 6, 0, 0, 7, 0, 0, 0, 0
Mon Sep 20 02:26:31 2021, 0, 5149, 0, 6, 0, 0, 7, 0, 0, 0, 0
Mon Sep 20 02:27:31 2021, 0, 5149, 0, 6, 0, 0, 7, 0, 0, 0, 0
Mon Sep 20 02:28:32 2021, 0, 5149, 0, 6, 0, 0, 7, 0, 0, 0, 0
Mon Sep 20 02:29:33 2021, 0, 5149, 0, 6, 0, 0, 7, 0, 0, 0, 0
Mon Sep 20 02:30:33 2021, 0, 5149, 0, 6, 0, 0, 7, 0, 0, 0, 0
Mon Sep 20 02:31:34 2021, 0, 5149, 0, 6, 0, 0, 7, 0, 0, 0, 0
Mon Sep 20 02:32:34 2021, 0, 5149, 0, 6, 0, 0, 7, 0, 0, 0, 0
Mon Sep 20 02:33:35 2021, 0, 5149, 0, 6, 0, 0, 7, 0, 0, 0, 0
Mon Sep 20 02:34:35 2021, 0, 5149, 0, 6, 0, 0, 7, 0, 0, 0, 0
Mon Sep 20 02:35:36 2021, 0, 5149, 0, 6, 0, 0, 7, 0, 0, 0, 0
Mon Sep 20 02:36:37 2021, 0, 5149, 0, 6, 0, 0, 7, 0, 0, 0, 0
Mon Sep 20 02:37:37 2021, 0, 5149, 0, 6, 0, 0, 7, 0, 0, 0, 0
Mon Sep 20 02:38:38 2021, 0, 5149, 0, 6, 0, 0, 7, 0, 0, 0, 0
Mon Sep 20 02:39:38 2021, 0, 5149, 0, 6, 0, 0, 7, 0, 0, 0, 0
Mon Sep 20 02:40:39 2021, 0, 5149, 0, 6, 0, 0, 7, 0, 0, 0, 0
Mon Sep 20 02:41:40 2021, 0, 5149, 0, 6, 0, 0, 7, 0, 0, 0, 0
Mon Sep 20 02:42:40 2021, 0, 5149, 0, 6, 0, 0, 7, 0, 0, 0, 0
Mon Sep 20 02:43:41 2021, 0, 5149, 0, 6, 0, 0, 7, 0, 0, 0, 0
Mon Sep 20 02:44:41 2021, 0, 5149, 0, 6, 0, 0, 7, 0, 0, 0, 0
Mon Sep 20 02:45:42 2021, 0, 5149, 0, 6, 0, 0, 7, 0, 0, 0, 0
Mon Sep 20 02:46:43 2021, 0, 5149, 0, 6, 0, 0, 7, 0, 0, 0, 0
Mon Sep 20 02:47:43 2021, 0, 5149, 0, 6, 0, 0, 7, 0, 0, 0, 0
Mon Sep 20 02:48:44 2021, 0, 5149, 0, 6, 0, 0, 7, 0, 0, 0, 0
Mon Sep 20 02:49:44 2021, 0, 5149, 0, 6, 0, 0, 7, 0, 0, 0, 0
Mon Sep 20 02:50:45 2021, 0, 5149, 0, 6, 0, 0, 7, 0, 0, 0, 0
Mon Sep 20 02:51:46 2021, 0, 5149, 0, 6, 0, 0, 7, 0, 0, 0, 0
Mon Sep 20 02:52:46 2021, 0, 5149, 0, 6, 0, 0, 7, 0, 0, 0, 0
Mon Sep 20 02:53:47 2021, 0, 5149, 0, 6, 0, 0, 7, 0, 0, 0, 0
Mon Sep 20 02:54:47 2021, 0, 5149, 0, 6, 0, 0, 7, 0, 0, 0, 0
Mon Sep 20 02:55:48 2021, 0, 5149, 0, 6, 0, 0, 7, 0, 0, 0, 0
Mon Sep 20 02:56:49 2021, 0, 5149, 0, 6, 0, 0, 7, 0, 0, 0, 0
Mon Sep 20 02:57:49 2021, 0, 5149, 0, 6, 0, 0, 7, 0, 0, 0, 0
Mon Sep 20 02:58:50 2021, 0, 5149, 0, 6, 0, 0, 7, 0, 0, 0, 0
Mon Sep 20 02:59:50 2021, 0, 5149, 0, 6, 0, 0, 7, 0, 0, 0, 0
Mon Sep 20 03:00:51 2021, 0, 5149, 0, 6, 0, 0, 7, 0, 0, 0, 0
Mon Sep 20 03:01:51 2021, 0, 5149, 0, 6, 0, 0, 7, 0, 0, 0, 0
Mon Sep 20 03:02:52 2021, 0, 5149, 0, 6, 0, 0, 7, 0, 0, 0, 0
Mon Sep 20 03:03:53 2021, 0, 5149, 0, 6, 0, 0, 7, 0, 0, 0, 0
Mon Sep 20 03:04:53 2021, 0, 5149, 0, 6, 0, 0, 7, 0, 0, 0, 0
Mon Sep 20 03:05:54 2021, 0, 5149, 0, 6, 0, 0, 7, 0, 0, 0, 0
Mon Sep 20 03:06:54 2021, 0, 5149, 0, 6, 0, 0, 7, 0, 0, 0, 0
Mon Sep 20 03:07:55 2021, 0, 5149, 0, 6, 0, 0, 7, 0, 0, 0, 0
Mon Sep 20 03:08:56 2021, 0, 5149, 0, 6, 0, 0, 7, 0, 0, 0, 0
Mon Sep 20 03:09:56 2021, 0, 5149, 0, 6, 0, 0, 7, 0, 0, 0, 0
Mon Sep 20 03:10:57 2021, 0, 5149, 0, 6, 0, 0, 7, 0, 0, 0, 0
Mon Sep 20 03:11:57 2021, 0, 5149, 0, 6, 0, 0, 7, 0, 0, 0, 0
Mon Sep 20 03:12:58 2021, 0, 5149, 0, 6, 0, 0, 7, 0, 0, 0, 0
Mon Sep 20 03:13:58 2021, 0, 5149, 0, 6, 0, 0, 7, 0, 0, 0, 0
Mon Sep 20 03:14:59 2021, 0, 5149, 0, 6, 0, 0, 7, 0, 0, 0, 0
Mon Sep 20 03:16:00 2021, 0, 5149, 0, 6, 0, 0, 7, 0, 0, 0, 0
Mon Sep 20 03:17:00 2021, 0, 5149, 0, 6, 0, 0, 7, 0, 0, 0, 0
Mon Sep 20 03:18:01 2021, 0, 5149, 0, 6, 0, 0, 7, 0, 0, 0, 0
Mon Sep 20 03:19:01 2021, 0, 5149, 0, 6, 0, 0, 7, 0, 0, 0, 0
Mon Sep 20 03:20:02 2021, 0, 5149, 0, 6, 0, 0, 7, 0, 0, 0, 0
Mon Sep 20 03:21:03 2021, 0, 5149, 0, 6, 0, 0, 7, 0, 0, 0, 0
Mon Sep 20 03:22:03 2021, 0, 5149, 0, 6, 0, 0, 7, 0, 0, 0, 0
Mon Sep 20 03:23:04 2021, 0, 5149, 0, 6, 0, 0, 7, 0, 0, 0, 0
Mon Sep 20 03:24:04 2021, 0, 5149, 0, 6, 0, 0, 7, 0, 0, 0, 0
Mon Sep 20 03:25:05 2021, 0, 5149, 0, 6, 0, 0, 7, 0, 0, 0, 0
Mon Sep 20 03:26:05 2021, 0, 5149, 0, 6, 0, 0, 7, 0, 0, 0, 0
Mon Sep 20 03:27:06 2021, 0, 5149, 0, 6, 0, 0, 7, 0, 0, 0, 0
Mon Sep 20 03:28:07 2021, 0, 5149, 0, 6, 0, 0, 7, 0, 0, 0, 0
Mon Sep 20 03:29:07 2021, 0, 5149, 0, 6, 0, 0, 7, 0, 0, 0, 0
Mon Sep 20 03:30:08 2021, 0, 5149, 0, 6, 0, 0, 7, 0, 0, 0, 0
Mon Sep 20 03:31:08 2021, 0, 5149, 0, 6, 0, 0, 7, 0, 0, 0, 0
Mon Sep 20 03:32:09 2021, 0, 5149, 0, 6, 0, 0, 7, 0, 0, 0, 0
Mon Sep 20 03:33:10 2021, 0, 5149, 0, 6, 0, 0, 7, 0, 0, 0, 0
Mon Sep 20 03:34:10 2021, 0, 5149, 0, 6, 0, 0, 7, 0, 0, 0, 0
Mon Sep 20 03:35:11 2021, 0, 5149, 0, 6, 0, 0, 7, 0, 0, 0, 0
Mon Sep 20 03:36:11 2021, 0, 5149, 0, 6, 0, 0, 7, 0, 0, 0, 0
Mon Sep 20 03:37:12 2021, 0, 5149, 0, 6, 0, 0, 7, 0, 0, 0, 0
Mon Sep 20 03:38:13 2021, 0, 5149, 0, 6, 0, 0, 7, 0, 0, 0, 0
Mon Sep 20 03:39:13 2021, 0, 5149, 0, 6, 0, 0, 7, 0, 0, 0, 0
Mon Sep 20 03:40:14 2021, 0, 5149, 0, 6, 0, 0, 7, 0, 0, 0, 0
Mon Sep 20 03:41:14 2021, 0, 5149, 0, 6, 0, 0, 7, 0, 0, 0, 0
Mon Sep 20 03:42:15 2021, 0, 5149, 0, 6, 0, 0, 7, 0, 0, 0, 0
Mon Sep 20 03:43:16 2021, 0, 5149, 0, 6, 0, 0, 7, 0, 0, 0, 0
Mon Sep 20 03:44:16 2021, 0, 5149, 0, 6, 0, 0, 7, 0, 0, 0, 0
Mon Sep 20 03:45:17 2021, 0, 5149, 0, 6, 0, 0, 7, 0, 0, 0, 0
Mon Sep 20 03:46:17 2021, 0, 5149, 0, 6, 0, 0, 7, 0, 0, 0, 0
Mon Sep 20 03:47:18 2021, 0, 5149, 0, 6, 0, 0, 7, 0, 0, 0, 0
Mon Sep 20 03:48:19 2021, 0, 5149, 0, 6, 0, 0, 7, 0, 0, 0, 0
Mon Sep 20 03:49:19 2021, 0, 5149, 0, 6, 0, 0, 7, 0, 0, 0, 0
Mon Sep 20 03:50:20 2021, 0, 5149, 0, 6, 0, 0, 7, 0, 0, 0, 0
Mon Sep 20 03:51:20 2021, 0, 5149, 0, 6, 0, 0, 7, 0, 0, 0, 0
Mon Sep 20 03:52:21 2021, 0, 5149, 0, 6, 0, 0, 7, 0, 0, 0, 0
Mon Sep 20 03:53:22 2021, 0, 5149, 0, 6, 0, 0, 7, 0, 0, 0, 0
Mon Sep 20 03:54:22 2021, 0, 5149, 0, 6, 0, 0, 7, 0, 0, 0, 0
Mon Sep 20 03:55:23 2021, 0, 5149, 0, 6, 0, 0, 7, 0, 0, 0, 0
Mon Sep 20 03:56:23 2021, 0, 5149, 0, 6, 0, 0, 7, 0, 0, 0, 0
Mon Sep 20 03:57:24 2021, 0, 5149, 0, 6, 0, 0, 7, 0, 0, 0, 0
Mon Sep 20 03:58:25 2021, 0, 5149, 0, 6, 0, 0, 7, 0, 0, 0, 0
Mon Sep 20 03:59:25 2021, 0, 5149, 0, 6, 0, 0, 7, 0, 0, 0, 0
Mon Sep 20 04:00:26 2021, 0, 5149, 0, 6, 0, 0, 7, 0, 0, 0, 0
Mon Sep 20 04:01:26 2021, 0, 5149, 0, 6, 0, 0, 7, 0, 0, 0, 0
Mon Sep 20 04:02:27 2021, 0, 5149, 0, 6, 0, 0, 7, 0, 0, 0, 0
Mon Sep 20 04:03:28 2021, 0, 5149, 0, 6, 0, 0, 7, 0, 0, 0, 0
Mon Sep 20 04:04:28 2021, 0, 5149, 0, 6, 0, 0, 7, 0, 0, 0, 0
Mon Sep 20 04:05:29 2021, 0, 5149, 0, 6, 0, 0, 7, 0, 0, 0, 0
Mon Sep 20 04:06:29 2021, 0, 5149, 0, 6, 0, 0, 7, 0, 0, 0, 0
Mon Sep 20 04:07:30 2021, 0, 5149, 0, 6, 0, 0, 7, 0, 0, 0, 0
Mon Sep 20 04:08:31 2021, 0, 5149, 0, 6, 0, 0, 7, 0, 0, 0, 0
Mon Sep 20 04:09:31 2021, 0, 5149, 0, 6, 0, 0, 7, 0, 0, 0, 0
Mon Sep 20 04:10:32 2021, 0, 5149, 0, 6, 0, 0, 7, 0, 0, 0, 0
Mon Sep 20 04:11:32 2021, 0, 5149, 0, 6, 0, 0, 7, 0, 0, 0, 0
Mon Sep 20 04:12:33 2021, 0, 5149, 0, 6, 0, 0, 7, 0, 0, 0, 0
Mon Sep 20 04:13:33 2021, 0, 5149, 0, 6, 0, 0, 7, 0, 0, 0, 0
Mon Sep 20 04:14:34 2021, 0, 5149, 0, 6, 0, 0, 7, 0, 0, 0, 0
Mon Sep 20 04:15:34 2021, 0, 5149, 0, 6, 0, 0, 7, 0, 0, 0, 0
Mon Sep 20 04:16:35 2021, 0, 5149, 0, 6, 0, 0, 7, 0, 0, 0, 0
Mon Sep 20 04:17:36 2021, 0, 5149, 0, 6, 0, 0, 7, 0, 0, 0, 0
Mon Sep 20 04:18:36 2021, 0, 5149, 0, 6, 0, 0, 7, 0, 0, 0, 0
Mon Sep 20 04:19:37 2021, 0, 5149, 0, 6, 0, 0, 7, 0, 0, 0, 0
Mon Sep 20 04:20:37 2021, 0, 5149, 0, 6, 0, 0, 7, 0, 0, 0, 0
Mon Sep 20 04:21:38 2021, 0, 5149, 0, 6, 0, 0, 7, 0, 0, 0, 0
Mon Sep 20 04:22:39 2021, 0, 5149, 0, 6, 0, 0, 7, 0, 0, 0, 0
Mon Sep 20 04:23:39 2021, 0, 5149, 0, 6, 0, 0, 7, 0, 0, 0, 0
Mon Sep 20 04:24:40 2021, 0, 5149, 0, 6, 0, 0, 7, 0, 0, 0, 0
Mon Sep 20 04:25:40 2021, 0, 5149, 0, 6, 0, 0, 7, 0, 0, 0, 0
Mon Sep 20 04:26:41 2021, 0, 5149, 0, 6, 0, 0, 7, 0, 0, 0, 0
Mon Sep 20 04:27:42 2021, 0, 5149, 0, 6, 0, 0, 7, 0, 0, 0, 0
Mon Sep 20 04:28:42 2021, 0, 5149, 0, 6, 0, 0, 7, 0, 0, 0, 0
Mon Sep 20 04:29:43 2021, 0, 5149, 0, 6, 0, 0, 7, 0, 0, 0, 0
Mon Sep 20 04:30:43 2021, 0, 5149, 0, 6, 0, 0, 7, 0, 0, 0, 0
Mon Sep 20 04:31:44 2021, 0, 5149, 0, 6, 0, 0, 7, 0, 0, 0, 0
Mon Sep 20 04:32:44 2021, 0, 5149, 0, 6, 0, 0, 7, 0, 0, 0, 0
Mon Sep 20 04:33:45 2021, 0, 5149, 0, 6, 0, 0, 7, 0, 0, 0, 0
Mon Sep 20 04:34:46 2021, 0, 5149, 0, 6, 0, 0, 7, 0, 0, 0, 0
Mon Sep 20 04:35:46 2021, 0, 5149, 0, 6, 0, 0, 7, 0, 0, 0, 0
Mon Sep 20 04:36:47 2021, 0, 5149, 0, 6, 0, 0, 7, 0, 0, 0, 0
Mon Sep 20 04:37:47 2021, 0, 5149, 0, 6, 0, 0, 7, 0, 0, 0, 0
Mon Sep 20 04:38:48 2021, 0, 5149, 0, 6, 0, 0, 7, 0, 0, 0, 0
Mon Sep 20 04:39:49 2021, 0, 5149, 0, 6, 0, 0, 7, 0, 0, 0, 0
Mon Sep 20 04:40:49 2021, 0, 5149, 0, 6, 0, 0, 7, 0, 0, 0, 0
Mon Sep 20 04:41:50 2021, 0, 5149, 0, 6, 0, 0, 7, 0, 0, 0, 0
Mon Sep 20 04:42:50 2021, 0, 5149, 0, 6, 0, 0, 7, 0, 0, 0, 0
Mon Sep 20 04:43:51 2021, 0, 5149, 0, 6, 0, 0, 7, 0, 0, 0, 0
Mon Sep 20 04:44:51 2021, 0, 5149, 0, 6, 0, 0, 7, 0, 0, 0, 0
Mon Sep 20 04:45:52 2021, 0, 5149, 0, 6, 0, 0, 7, 0, 0, 0, 0
Mon Sep 20 04:46:53 2021, 0, 5149, 0, 6, 0, 0, 7, 0, 0, 0, 0
Mon Sep 20 04:47:53 2021, 0, 5149, 0, 6, 0, 0, 7, 0, 0, 0, 0
Mon Sep 20 04:48:54 2021, 0, 5149, 0, 6, 0, 0, 7, 0, 0, 0, 0
Mon Sep 20 04:49:54 2021, 0, 5149, 0, 6, 0, 0, 7, 0, 0, 0, 0
Mon Sep 20 04:50:55 2021, 0, 5149, 0, 6, 0, 0, 7, 0, 0, 0, 0
Mon Sep 20 04:51:56 2021, 0, 5149, 0, 6, 0, 0, 7, 0, 0, 0, 0
Mon Sep 20 04:52:56 2021, 0, 5149, 0, 6, 0, 0, 7, 0, 0, 0, 0
Mon Sep 20 04:53:57 2021, 0, 5149, 0, 6, 0, 0, 7, 0, 0, 0, 0
Mon Sep 20 04:54:57 2021, 0, 5149, 0, 6, 0, 0, 7, 0, 0, 0, 0
Mon Sep 20 04:55:58 2021, 0, 5149, 0, 6, 0, 0, 7, 0, 0, 0, 0
Mon Sep 20 04:56:58 2021, 0, 5149, 0, 6, 0, 0, 7, 0, 0, 0, 0
Mon Sep 20 04:57:59 2021, 0, 5149, 0, 6, 0, 0, 7, 0, 0, 0, 0
Mon Sep 20 04:59:00 2021, 0, 5149, 0, 6, 0, 0, 7, 0, 0, 0, 0
Mon Sep 20 05:00:00 2021, 0, 5149, 0, 6, 0, 0, 7, 0, 0, 0, 0
Mon Sep 20 05:01:01 2021, 0, 5149, 0, 6, 0, 0, 7, 0, 0, 0, 0
Mon Sep 20 05:02:01 2021, 0, 5149, 0, 6, 0, 0, 7, 0, 0, 0, 0
Mon Sep 20 05:03:02 2021, 0, 5149, 0, 6, 0, 0, 7, 0, 0, 0, 0
Mon Sep 20 05:04:03 2021, 0, 5149, 0, 6, 0, 0, 7, 0, 0, 0, 0
Mon Sep 20 05:05:03 2021, 0, 5149, 0, 6, 0, 0, 7, 0, 0, 0, 0
Mon Sep 20 05:06:04 2021, 0, 5149, 0, 6, 0, 0, 7, 0, 0, 0, 0
Mon Sep 20 05:07:04 2021, 0, 5149, 0, 6, 0, 0, 7, 0, 0, 0, 0
Mon Sep 20 05:08:05 2021, 0, 5149, 0, 6, 0, 0, 7, 0, 0, 0, 0
Mon Sep 20 05:09:05 2021, 0, 5149, 0, 6, 0, 0, 7, 0, 0, 0, 0
Mon Sep 20 05:10:06 2021, 0, 5149, 0, 6, 0, 0, 7, 0, 0, 0, 0
Mon Sep 20 05:11:07 2021, 0, 5149, 0, 6, 0, 0, 7, 0, 0, 0, 0
Mon Sep 20 05:12:07 2021, 0, 5149, 0, 6, 0, 0, 7, 0, 0, 0, 0
Mon Sep 20 05:13:08 2021, 0, 5149, 0, 6, 0, 0, 7, 0, 0, 0, 0
Mon Sep 20 05:14:08 2021, 0, 5149, 0, 6, 0, 0, 7, 0, 0, 0, 0
Mon Sep 20 05:15:09 2021, 0, 5149, 0, 6, 0, 0, 7, 0, 0, 0, 0
Mon Sep 20 05:16:09 2021, 0, 5149, 0, 6, 0, 0, 7, 0, 0, 0, 0
Mon Sep 20 05:17:10 2021, 0, 5149, 0, 6, 0, 0, 7, 0, 0, 0, 0
Mon Sep 20 05:18:11 2021, 0, 5149, 0, 6, 0, 0, 7, 0, 0, 0, 0
Mon Sep 20 05:19:11 2021, 0, 5149, 0, 6, 0, 0, 7, 0, 0, 0, 0
Mon Sep 20 05:20:12 2021, 0, 5149, 0, 6, 0, 0, 7, 0, 0, 0, 0
Mon Sep 20 05:21:12 2021, 0, 5149, 0, 6, 0, 0, 7, 0, 0, 0, 0
Mon Sep 20 05:22:13 2021, 0, 5149, 0, 6, 0, 0, 7, 0, 0, 0, 0
Mon Sep 20 05:23:14 2021, 0, 5149, 0, 6, 0, 0, 7, 0, 0, 0, 0
Mon Sep 20 05:24:14 2021, 0, 5149, 0, 6, 0, 0, 7, 0, 0, 0, 0
Mon Sep 20 05:25:15 2021, 0, 5149, 0, 6, 0, 0, 7, 0, 0, 0, 0
Mon Sep 20 05:26:16 2021, 0, 5149, 0, 6, 0, 0, 7, 0, 0, 0, 0
Mon Sep 20 05:27:16 2021, 0, 5149, 0, 6, 0, 0, 7, 0, 0, 0, 0
Mon Sep 20 05:28:17 2021, 0, 5149, 0, 6, 0, 0, 7, 0, 0, 0, 0
Mon Sep 20 05:29:17 2021, 0, 5149, 0, 6, 0, 0, 7, 0, 0, 0, 0
Mon Sep 20 05:30:18 2021, 0, 5149, 0, 6, 0, 0, 7, 0, 0, 0, 0
Mon Sep 20 05:31:18 2021, 0, 5149, 0, 6, 0, 0, 7, 0, 0, 0, 0
Mon Sep 20 05:32:19 2021, 0, 5149, 0, 6, 0, 0, 7, 0, 0, 0, 0
Mon Sep 20 05:33:20 2021, 0, 5149, 0, 6, 0, 0, 7, 0, 0, 0, 0
Mon Sep 20 05:34:20 2021, 0, 5149, 0, 6, 0, 0, 7, 0, 0, 0, 0
Mon Sep 20 05:35:21 2021, 0, 5149, 0, 6, 0, 0, 7, 0, 0, 0, 0
Mon Sep 20 05:36:21 2021, 0, 5149, 0, 6, 0, 0, 7, 0, 0, 0, 0
Mon Sep 20 05:37:22 2021, 0, 5149, 0, 6, 0, 0, 7, 0, 0, 0, 0
Mon Sep 20 05:38:23 2021, 0, 5149, 0, 6, 0, 0, 7, 0, 0, 0, 0
Mon Sep 20 05:39:23 2021, 0, 5149, 0, 6, 0, 0, 7, 0, 0, 0, 0
Mon Sep 20 05:40:24 2021, 0, 5149, 0, 6, 0, 0, 7, 0, 0, 0, 0
Mon Sep 20 05:41:24 2021, 0, 5149, 0, 6, 0, 0, 7, 0, 0, 0, 0
Mon Sep 20 05:42:25 2021, 0, 5149, 0, 6, 0, 0, 7, 0, 0, 0, 0
Mon Sep 20 05:43:25 2021, 0, 5149, 0, 6, 0, 0, 7, 0, 0, 0, 0
Mon Sep 20 05:44:26 2021, 0, 5149, 0, 6, 0, 0, 7, 0, 0, 0, 0
Mon Sep 20 05:45:27 2021, 0, 5149, 0, 6, 0, 0, 7, 0, 0, 0, 0
Mon Sep 20 05:46:27 2021, 0, 5149, 0, 6, 0, 0, 7, 0, 0, 0, 0
Mon Sep 20 05:47:28 2021, 0, 5149, 0, 6, 0, 0, 7, 0, 0, 0, 0
Mon Sep 20 05:48:28 2021, 0, 5149, 0, 6, 0, 0, 7, 0, 0, 0, 0
Mon Sep 20 05:49:29 2021, 0, 5149, 0, 6, 0, 0, 7, 0, 0, 0, 0
Mon Sep 20 05:50:30 2021, 0, 5149, 0, 6, 0, 0, 7, 0, 0, 0, 0
Mon Sep 20 05:51:30 2021, 0, 5149, 0, 6, 0, 0, 7, 0, 0, 0, 0
Mon Sep 20 05:52:31 2021, 0, 5149, 0, 6, 0, 0, 7, 0, 0, 0, 0
Mon Sep 20 05:53:31 2021, 0, 5149, 0, 6, 0, 0, 7, 0, 0, 0, 0
Mon Sep 20 05:54:32 2021, 0, 5149, 0, 6, 0, 0, 7, 0, 0, 0, 0
Mon Sep 20 05:55:32 2021, 0, 5149, 0, 6, 0, 0, 7, 0, 0, 0, 0
Mon Sep 20 05:56:33 2021, 0, 5149, 0, 6, 0, 0, 7, 0, 0, 0, 0
Mon Sep 20 05:57:34 2021, 0, 5149, 0, 6, 0, 0, 7, 0, 0, 0, 0
Mon Sep 20 05:58:34 2021, 0, 5149, 0, 6, 0, 0, 7, 0, 0, 0, 0
Mon Sep 20 05:59:35 2021, 0, 5149, 0, 6, 0, 0, 7, 0, 0, 0, 0
Mon Sep 20 06:00:35 2021, 0, 5149, 0, 6, 0, 0, 7, 0, 0, 0, 0
Mon Sep 20 06:01:36 2021, 0, 5149, 0, 6, 0, 0, 7, 0, 0, 0, 0
Mon Sep 20 06:02:36 2021, 0, 5149, 0, 6, 0, 0, 7, 0, 0, 0, 0
Mon Sep 20 06:03:37 2021, 0, 5149, 0, 6, 0, 0, 7, 0, 0, 0, 0
Mon Sep 20 06:04:37 2021, 0, 5149, 0, 6, 0, 0, 7, 0, 0, 0, 0
Mon Sep 20 06:05:38 2021, 0, 5149, 0, 6, 0, 0, 7, 0, 0, 0, 0
Mon Sep 20 06:06:39 2021, 0, 5149, 0, 6, 0, 0, 7, 0, 0, 0, 0
Mon Sep 20 06:07:39 2021, 0, 5149, 0, 6, 0, 0, 7, 0, 0, 0, 0
Mon Sep 20 06:08:40 2021, 0, 5149, 0, 6, 0, 0, 7, 0, 0, 0, 0
Mon Sep 20 06:09:40 2021, 0, 5149, 0, 6, 0, 0, 7, 0, 0, 0, 0
Mon Sep 20 06:10:41 2021, 0, 5149, 0, 6, 0, 0, 7, 0, 0, 0, 0
Mon Sep 20 06:11:42 2021, 0, 5149, 0, 6, 0, 0, 7, 0, 0, 0, 0
Mon Sep 20 06:12:42 2021, 0, 5149, 0, 6, 0, 0, 7, 0, 0, 0, 0
Mon Sep 20 06:13:43 2021, 0, 5149, 0, 6, 0, 0, 7, 0, 0, 0, 0
Mon Sep 20 06:14:43 2021, 0, 5149, 0, 6, 0, 0, 7, 0, 0, 0, 0
Mon Sep 20 06:15:44 2021, 0, 5149, 0, 6, 0, 0, 7, 0, 0, 0, 0
Mon Sep 20 06:16:45 2021, 0, 5149, 0, 6, 0, 0, 7, 0, 0, 0, 0
Mon Sep 20 06:17:45 2021, 0, 5149, 0, 6, 0, 0, 7, 0, 0, 0, 0
Mon Sep 20 06:18:46 2021, 0, 5149, 0, 6, 0, 0, 7, 0, 0, 0, 0
Mon Sep 20 06:19:46 2021, 0, 5149, 0, 6, 0, 0, 7, 0, 0, 0, 0
Mon Sep 20 06:20:47 2021, 0, 5149, 0, 6, 0, 0, 7, 0, 0, 0, 0
Mon Sep 20 06:21:48 2021, 0, 5149, 0, 6, 0, 0, 7, 0, 0, 0, 0
Mon Sep 20 06:22:48 2021, 0, 5149, 0, 6, 0, 0, 7, 0, 0, 0, 0
Mon Sep 20 06:23:49 2021, 0, 5149, 0, 6, 0, 0, 7, 0, 0, 0, 0
Mon Sep 20 06:24:49 2021, 0, 5149, 0, 6, 0, 0, 7, 0, 0, 0, 0
Mon Sep 20 06:25:50 2021, 0, 5149, 0, 6, 0, 0, 7, 0, 0, 0, 0
Mon Sep 20 06:26:50 2021, 0, 5149, 0, 6, 0, 0, 7, 0, 0, 0, 0
Mon Sep 20 06:27:51 2021, 0, 5149, 0, 6, 0, 0, 7, 0, 0, 0, 0
Mon Sep 20 06:28:51 2021, 0, 5149, 0, 6, 0, 0, 7, 0, 0, 0, 0
Mon Sep 20 06:29:52 2021, 0, 5149, 0, 6, 0, 0, 7, 0, 0, 0, 0
Mon Sep 20 06:30:53 2021, 0, 5149, 0, 6, 0, 0, 7, 0, 0, 0, 0
Mon Sep 20 06:31:53 2021, 0, 5149, 0, 6, 0, 0, 7, 0, 0, 0, 0
Mon Sep 20 06:32:54 2021, 0, 5149, 0, 6, 0, 0, 7, 0, 0, 0, 0
Mon Sep 20 06:33:54 2021, 0, 5149, 0, 6, 0, 0, 7, 0, 0, 0, 0
Mon Sep 20 06:34:55 2021, 0, 5149, 0, 6, 0, 0, 7, 0, 0, 0, 0
Mon Sep 20 06:35:56 2021, 0, 5149, 0, 6, 0, 0, 7, 0, 0, 0, 0
Mon Sep 20 06:36:56 2021, 0, 5149, 0, 6, 0, 0, 7, 0, 0, 0, 0
Mon Sep 20 06:37:57 2021, 0, 5149, 0, 6, 0, 0, 7, 0, 0, 0, 0
Mon Sep 20 06:38:57 2021, 0, 5149, 0, 6, 0, 0, 7, 0, 0, 0, 0
Mon Sep 20 06:39:58 2021, 0, 5149, 0, 6, 0, 0, 7, 0, 0, 0, 0
Mon Sep 20 06:40:58 2021, 0, 5149, 0, 6, 0, 0, 7, 0, 0, 0, 0
Mon Sep 20 06:41:59 2021, 0, 5149, 0, 6, 0, 0, 7, 0, 0, 0, 0
Mon Sep 20 06:43:00 2021, 0, 5149, 0, 6, 0, 0, 7, 0, 0, 0, 0
Mon Sep 20 06:44:00 2021, 0, 5149, 0, 6, 0, 0, 7, 0, 0, 0, 0
Mon Sep 20 06:45:01 2021, 0, 5149, 0, 6, 0, 0, 7, 0, 0, 0, 0
Mon Sep 20 06:46:01 2021, 0, 5149, 0, 6, 0, 0, 7, 0, 0, 0, 0
Mon Sep 20 06:47:02 2021, 0, 5149, 0, 6, 0, 0, 7, 0, 0, 0, 0
Mon Sep 20 06:48:02 2021, 0, 5149, 0, 6, 0, 0, 7, 0, 0, 0, 0
Mon Sep 20 06:49:03 2021, 0, 5149, 0, 6, 0, 0, 7, 0, 0, 0, 0
Mon Sep 20 06:50:03 2021, 0, 5149, 0, 6, 0, 0, 7, 0, 0, 0, 0
Mon Sep 20 06:51:04 2021, 0, 5149, 0, 6, 0, 0, 7, 0, 0, 0, 0
Mon Sep 20 06:52:05 2021, 0, 5149, 0, 6, 0, 0, 7, 0, 0, 0, 0
Mon Sep 20 06:53:05 2021, 0, 5149, 0, 6, 0, 0, 7, 0, 0, 0, 0
Mon Sep 20 06:54:06 2021, 0, 5149, 0, 6, 0, 0, 7, 0, 0, 0, 0
Mon Sep 20 06:55:06 2021, 0, 5149, 0, 6, 0, 0, 7, 0, 0, 0, 0
Mon Sep 20 06:56:07 2021, 0, 5149, 0, 6, 0, 0, 7, 0, 0, 0, 0
Mon Sep 20 06:57:07 2021, 0, 5149, 0, 6, 0, 0, 7, 0, 0, 0, 0
Mon Sep 20 06:58:08 2021, 0, 5149, 0, 6, 0, 0, 7, 0, 0, 0, 0
Mon Sep 20 06:59:09 2021, 0, 5149, 0, 6, 0, 0, 7, 0, 0, 0, 0
Mon Sep 20 07:00:09 2021, 0, 5149, 0, 6, 0, 0, 7, 0, 0, 0, 0
Mon Sep 20 07:01:10 2021, 0, 5149, 0, 6, 0, 0, 7, 0, 0, 0, 0
Mon Sep 20 07:02:10 2021, 0, 5149, 0, 6, 0, 0, 7, 0, 0, 0, 0
Mon Sep 20 07:03:11 2021, 0, 5149, 0, 6, 0, 0, 7, 0, 0, 0, 0
Mon Sep 20 07:04:12 2021, 0, 5149, 0, 6, 0, 0, 7, 0, 0, 0, 0
Mon Sep 20 07:05:12 2021, 0, 5149, 0, 6, 0, 0, 7, 0, 0, 0, 0
Mon Sep 20 07:06:13 2021, 0, 5149, 0, 6, 0, 0, 7, 0, 0, 0, 0
Mon Sep 20 07:07:13 2021, 0, 5149, 0, 6, 0, 0, 7, 0, 0, 0, 0
Mon Sep 20 07:08:14 2021, 0, 5149, 0, 6, 0, 0, 7, 0, 0, 0, 0
Mon Sep 20 07:09:14 2021, 0, 5149, 0, 6, 0, 0, 7, 0, 0, 0, 0
Mon Sep 20 07:10:15 2021, 0, 5149, 0, 6, 0, 0, 7, 0, 0, 0, 0
Mon Sep 20 07:11:16 2021, 0, 5149, 0, 6, 0, 0, 7, 0, 0, 0, 0
Mon Sep 20 07:12:16 2021, 0, 5149, 0, 6, 0, 0, 7, 0, 0, 0, 0
Mon Sep 20 07:13:17 2021, 0, 5149, 0, 6, 0, 0, 7, 0, 0, 0, 0
Mon Sep 20 07:14:17 2021, 0, 5149, 0, 6, 0, 0, 7, 0, 0, 0, 0
Mon Sep 20 07:15:18 2021, 0, 5149, 0, 6, 0, 0, 7, 0, 0, 0, 0
Mon Sep 20 07:16:18 2021, 0, 5149, 0, 6, 0, 0, 7, 0, 0, 0, 0
Mon Sep 20 07:17:19 2021, 0, 5149, 0, 6, 0, 0, 7, 0, 0, 0, 0
Mon Sep 20 07:18:20 2021, 0, 5149, 0, 6, 0, 0, 7, 0, 0, 0, 0
Mon Sep 20 07:19:20 2021, 0, 5149, 0, 6, 0, 0, 7, 0, 0, 0, 0
Mon Sep 20 07:20:21 2021, 0, 5149, 0, 6, 0, 0, 7, 0, 0, 0, 0
Mon Sep 20 07:21:21 2021, 0, 5149, 0, 6, 0, 0, 7, 0, 0, 0, 0
Mon Sep 20 07:22:22 2021, 0, 5149, 0, 6, 0, 0, 7, 0, 0, 0, 0
Mon Sep 20 07:23:23 2021, 0, 5149, 0, 6, 0, 0, 7, 0, 0, 0, 0
Mon Sep 20 07:24:23 2021, 0, 5149, 0, 6, 0, 0, 7, 0, 0, 0, 0
Mon Sep 20 07:25:24 2021, 0, 5149, 0, 6, 0, 0, 7, 0, 0, 0, 0
Mon Sep 20 07:26:24 2021, 0, 5149, 0, 6, 0, 0, 7, 0, 0, 0, 0
Mon Sep 20 07:27:25 2021, 0, 5149, 0, 6, 0, 0, 7, 0, 0, 0, 0
Mon Sep 20 07:28:25 2021, 0, 5149, 0, 6, 0, 0, 7, 0, 0, 0, 0
Mon Sep 20 07:29:26 2021, 0, 5149, 0, 6, 0, 0, 7, 0, 0, 0, 0
Mon Sep 20 07:30:27 2021, 0, 5149, 0, 6, 0, 0, 7, 0, 0, 0, 0
Mon Sep 20 07:31:27 2021, 0, 5149, 0, 6, 0, 0, 7, 0, 0, 0, 0
Mon Sep 20 07:32:28 2021, 0, 5149, 0, 6, 0, 0, 7, 0, 0, 0, 0
Mon Sep 20 07:33:28 2021, 0, 5149, 0, 6, 0, 0, 7, 0, 0, 0, 0
Mon Sep 20 07:34:29 2021, 0, 5149, 0, 6, 0, 0, 7, 0, 0, 0, 0
Mon Sep 20 07:35:30 2021, 0, 5149, 0, 6, 0, 0, 7, 0, 0, 0, 0
Mon Sep 20 07:36:30 2021, 0, 5149, 0, 6, 0, 0, 7, 0, 0, 0, 0
Mon Sep 20 07:37:31 2021, 0, 5149, 0, 6, 0, 0, 7, 0, 0, 0, 0
Mon Sep 20 07:38:31 2021, 0, 5149, 0, 6, 0, 0, 7, 0, 0, 0, 0
Mon Sep 20 07:39:32 2021, 0, 5149, 0, 6, 0, 0, 7, 0, 0, 0, 0
Mon Sep 20 07:40:33 2021, 0, 5149, 0, 6, 0, 0, 7, 0, 0, 0, 0
Mon Sep 20 07:41:33 2021, 0, 5149, 0, 6, 0, 0, 7, 0, 0, 0, 0
Mon Sep 20 07:42:34 2021, 0, 5149, 0, 6, 0, 0, 7, 0, 0, 0, 0
Mon Sep 20 07:43:34 2021, 0, 5149, 0, 6, 0, 0, 7, 0, 0, 0, 0
Mon Sep 20 07:44:35 2021, 0, 5149, 0, 6, 0, 0, 7, 0, 0, 0, 0
Mon Sep 20 07:45:35 2021, 0, 5149, 0, 6, 0, 0, 7, 0, 0, 0, 0
Mon Sep 20 07:46:36 2021, 0, 5149, 0, 6, 0, 0, 7, 0, 0, 0, 0
Mon Sep 20 07:47:37 2021, 0, 5149, 0, 6, 0, 0, 7, 0, 0, 0, 0
Mon Sep 20 07:48:37 2021, 0, 5149, 0, 6, 0, 0, 7, 0, 0, 0, 0
Mon Sep 20 07:49:38 2021, 0, 5149, 0, 6, 0, 0, 7, 0, 0, 0, 0
Mon Sep 20 07:50:38 2021, 0, 5149, 0, 6, 0, 0, 7, 0, 0, 0, 0
Mon Sep 20 07:51:39 2021, 0, 5149, 0, 6, 0, 0, 7, 0, 0, 0, 0
Mon Sep 20 07:52:39 2021, 0, 5149, 0, 6, 0, 0, 7, 0, 0, 0, 0
Mon Sep 20 07:53:40 2021, 0, 5149, 0, 6, 0, 0, 7, 0, 0, 0, 0
Mon Sep 20 07:54:41 2021, 0, 5149, 0, 6, 0, 0, 7, 0, 0, 0, 0
Mon Sep 20 07:55:41 2021, 0, 5149, 0, 6, 0, 0, 7, 0, 0, 0, 0
Mon Sep 20 07:56:42 2021, 0, 5149, 0, 6, 0, 0, 7, 0, 0, 0, 0
Mon Sep 20 07:57:42 2021, 0, 5149, 0, 6, 0, 0, 7, 0, 0, 0, 0
Mon Sep 20 07:58:43 2021, 0, 5149, 0, 6, 0, 0, 7, 0, 0, 0, 0
Mon Sep 20 07:59:43 2021, 0, 5149, 0, 6, 0, 0, 7, 0, 0, 0, 0
Mon Sep 20 08:00:44 2021, 0, 5149, 0, 6, 0, 0, 7, 0, 0, 0, 0
Mon Sep 20 08:01:45 2021, 0, 5149, 0, 6, 0, 0, 7, 0, 0, 0, 0
Mon Sep 20 08:02:45 2021, 0, 5149, 0, 6, 0, 0, 7, 0, 0, 0, 0
Mon Sep 20 08:03:46 2021, 0, 5149, 0, 6, 0, 0, 7, 0, 0, 0, 0
Mon Sep 20 08:04:46 2021, 0, 5149, 0, 6, 0, 0, 7, 0, 0, 0, 0
Mon Sep 20 08:05:47 2021, 0, 5149, 0, 6, 0, 0, 7, 0, 0, 0, 0
Mon Sep 20 08:06:48 2021, 0, 5149, 0, 6, 0, 0, 7, 0, 0, 0, 0
Mon Sep 20 08:07:48 2021, 0, 5149, 0, 6, 0, 0, 7, 0, 0, 0, 0
Mon Sep 20 08:08:49 2021, 0, 5149, 0, 6, 0, 0, 7, 0, 0, 0, 0
Mon Sep 20 08:09:49 2021, 0, 5149, 0, 6, 0, 0, 7, 0, 0, 0, 0
Mon Sep 20 08:10:50 2021, 0, 5149, 0, 6, 0, 0, 7, 0, 0, 0, 0
Mon Sep 20 08:11:50 2021, 0, 5149, 0, 6, 0, 0, 7, 0, 0, 0, 0
Mon Sep 20 08:12:51 2021, 0, 5149, 0, 6, 0, 0, 7, 0, 0, 0, 0
Mon Sep 20 08:13:52 2021, 0, 5149, 0, 6, 0, 0, 7, 0, 0, 0, 0
Mon Sep 20 08:14:52 2021, 0, 5149, 0, 6, 0, 0, 7, 0, 0, 0, 0
Mon Sep 20 08:15:53 2021, 0, 5149, 0, 6, 0, 0, 7, 0, 0, 0, 0
Mon Sep 20 08:16:53 2021, 0, 5149, 0, 6, 0, 0, 7, 0, 0, 0, 0
Mon Sep 20 08:17:54 2021, 0, 5149, 0, 6, 0, 0, 7, 0, 0, 0, 0
Mon Sep 20 08:18:55 2021, 0, 5149, 0, 6, 0, 0, 7, 0, 0, 0, 0
Mon Sep 20 08:19:55 2021, 0, 5149, 0, 6, 0, 0, 7, 0, 0, 0, 0
Mon Sep 20 08:20:56 2021, 0, 5149, 0, 6, 0, 0, 7, 0, 0, 0, 0
Mon Sep 20 08:21:56 2021, 0, 5149, 0, 6, 0, 0, 7, 0, 0, 0, 0
Mon Sep 20 08:22:57 2021, 0, 5149, 0, 6, 0, 0, 7, 0, 0, 0, 0
Mon Sep 20 08:23:57 2021, 0, 5149, 0, 6, 0, 0, 7, 0, 0, 0, 0
Mon Sep 20 08:24:58 2021, 0, 5149, 0, 6, 0, 0, 7, 0, 0, 0, 0
Mon Sep 20 08:25:59 2021, 0, 5149, 0, 6, 0, 0, 7, 0, 0, 0, 0
Mon Sep 20 08:26:59 2021, 0, 5149, 0, 6, 0, 0, 7, 0, 0, 0, 0
Mon Sep 20 08:28:00 2021, 0, 5149, 0, 6, 0, 0, 7, 0, 0, 0, 0
Mon Sep 20 08:29:00 2021, 0, 5149, 0, 6, 0, 0, 7, 0, 0, 0, 0
Mon Sep 20 08:30:01 2021, 0, 5149, 0, 6, 0, 0, 7, 0, 0, 0, 0
Mon Sep 20 08:31:01 2021, 0, 5149, 0, 6, 0, 0, 7, 0, 0, 0, 0
Mon Sep 20 08:32:02 2021, 0, 5149, 0, 6, 0, 0, 7, 0, 0, 0, 0
Mon Sep 20 08:33:03 2021, 0, 5149, 0, 6, 0, 0, 7, 0, 0, 0, 0
Mon Sep 20 08:34:03 2021, 0, 5149, 0, 6, 0, 0, 7, 0, 0, 0, 0
Mon Sep 20 08:35:04 2021, 0, 5149, 0, 6, 0, 0, 7, 0, 0, 0, 0
Mon Sep 20 08:36:04 2021, 0, 5149, 0, 6, 0, 0, 7, 0, 0, 0, 0
Mon Sep 20 08:37:05 2021, 0, 5149, 0, 6, 0, 0, 7, 0, 0, 0, 0
Mon Sep 20 08:38:05 2021, 0, 5149, 0, 6, 0, 0, 7, 0, 0, 0, 0
Mon Sep 20 08:39:06 2021, 0, 5149, 0, 6, 0, 0, 7, 0, 0, 0, 0
Mon Sep 20 08:40:07 2021, 0, 5149, 0, 6, 0, 0, 7, 0, 0, 0, 0
Mon Sep 20 08:41:07 2021, 0, 5149, 0, 6, 0, 0, 7, 0, 0, 0, 0
Mon Sep 20 08:42:08 2021, 0, 5149, 0, 6, 0, 0, 7, 0, 0, 0, 0
Mon Sep 20 08:43:08 2021, 0, 5149, 0, 6, 0, 0, 7, 0, 0, 0, 0
Mon Sep 20 08:44:09 2021, 0, 5149, 0, 6, 0, 0, 7, 0, 0, 0, 0
Mon Sep 20 08:45:09 2021, 0, 5149, 0, 6, 0, 0, 7, 0, 0, 0, 0
Mon Sep 20 08:46:10 2021, 0, 5149, 0, 6, 0, 0, 7, 0, 0, 0, 0
Mon Sep 20 08:47:11 2021, 0, 5149, 0, 6, 0, 0, 7, 0, 0, 0, 0
Mon Sep 20 08:48:11 2021, 0, 5149, 0, 6, 0, 0, 7, 0, 0, 0, 0
Mon Sep 20 08:49:12 2021, 0, 5149, 0, 6, 0, 0, 7, 0, 0, 0, 0
Mon Sep 20 08:50:12 2021, 0, 5149, 0, 6, 0, 0, 7, 0, 0, 0, 0
Mon Sep 20 08:51:13 2021, 0, 5149, 0, 6, 0, 0, 7, 0, 0, 0, 0
Mon Sep 20 08:52:14 2021, 0, 5149, 0, 6, 0, 0, 7, 0, 0, 0, 0
Mon Sep 20 08:53:14 2021, 0, 5149, 0, 6, 0, 0, 7, 0, 0, 0, 0
Mon Sep 20 08:54:15 2021, 0, 5149, 0, 6, 0, 0, 7, 0, 0, 0, 0
Mon Sep 20 08:55:15 2021, 0, 5149, 0, 6, 0, 0, 7, 0, 0, 0, 0
Mon Sep 20 08:56:16 2021, 0, 5149, 0, 6, 0, 0, 7, 0, 0, 0, 0
Mon Sep 20 08:57:17 2021, 0, 5149, 0, 6, 0, 0, 7, 0, 0, 0, 0
Mon Sep 20 08:58:17 2021, 0, 5149, 0, 6, 0, 0, 7, 0, 0, 0, 0
Mon Sep 20 08:59:18 2021, 0, 5149, 0, 6, 0, 0, 7, 0, 0, 0, 0
Mon Sep 20 09:00:18 2021, 0, 5149, 0, 6, 0, 0, 7, 0, 0, 0, 0
Mon Sep 20 09:01:19 2021, 0, 5149, 0, 6, 0, 0, 7, 0, 0, 0, 0
Mon Sep 20 09:02:19 2021, 0, 5149, 0, 6, 0, 0, 7, 0, 0, 0, 0
Mon Sep 20 09:03:20 2021, 0, 5149, 0, 6, 0, 0, 7, 0, 0, 0, 0
Mon Sep 20 09:04:21 2021, 0, 5149, 0, 6, 0, 0, 7, 0, 0, 0, 0
Mon Sep 20 09:05:21 2021, 0, 5149, 0, 6, 0, 0, 7, 0, 0, 0, 0
Mon Sep 20 09:06:22 2021, 0, 5149, 0, 6, 0, 0, 7, 0, 0, 0, 0
Mon Sep 20 09:07:22 2021, 0, 5149, 0, 6, 0, 0, 7, 0, 0, 0, 0
Mon Sep 20 09:08:23 2021, 0, 5149, 0, 6, 0, 0, 7, 0, 0, 0, 0
Mon Sep 20 09:09:23 2021, 0, 5149, 0, 6, 0, 0, 7, 0, 0, 0, 0
Mon Sep 20 09:10:24 2021, 0, 5149, 0, 6, 0, 0, 7, 0, 0, 0, 0
Mon Sep 20 09:11:25 2021, 0, 5149, 0, 6, 0, 0, 7, 0, 0, 0, 0
Mon Sep 20 09:12:25 2021, 0, 5149, 0, 6, 0, 0, 7, 0, 0, 0, 0
Mon Sep 20 09:13:26 2021, 0, 5149, 0, 6, 0, 0, 7, 0, 0, 0, 0
Mon Sep 20 09:14:26 2021, 0, 5149, 0, 6, 0, 0, 7, 0, 0, 0, 0
Mon Sep 20 09:15:27 2021, 0, 5149, 0, 6, 0, 0, 7, 0, 0, 0, 0
Mon Sep 20 09:16:28 2021, 0, 5149, 0, 6, 0, 0, 7, 0, 0, 0, 0
Mon Sep 20 09:17:28 2021, 0, 5149, 0, 6, 0, 0, 7, 0, 0, 0, 0
Mon Sep 20 09:18:29 2021, 0, 5149, 0, 6, 0, 0, 7, 0, 0, 0, 0
Mon Sep 20 09:19:29 2021, 0, 5149, 0, 6, 0, 0, 7, 0, 0, 0, 0
Mon Sep 20 09:20:30 2021, 0, 5149, 0, 6, 0, 0, 7, 0, 0, 0, 0
Mon Sep 20 09:21:31 2021, 0, 5149, 0, 6, 0, 0, 7, 0, 0, 0, 0
Mon Sep 20 09:22:31 2021, 0, 5149, 0, 6, 0, 0, 7, 0, 0, 0, 0
Mon Sep 20 09:23:32 2021, 0, 5149, 0, 6, 0, 0, 7, 0, 0, 0, 0
Mon Sep 20 09:24:32 2021, 0, 5149, 0, 6, 0, 0, 7, 0, 0, 0, 0
Mon Sep 20 09:25:33 2021, 0, 5149, 0, 6, 0, 0, 7, 0, 0, 0, 0
Mon Sep 20 09:26:33 2021, 0, 5149, 0, 6, 0, 0, 7, 0, 0, 0, 0
Mon Sep 20 09:27:34 2021, 0, 5149, 0, 6, 0, 0, 7, 0, 0, 0, 0
Mon Sep 20 09:28:35 2021, 0, 5149, 0, 6, 0, 0, 7, 0, 0, 0, 0
Mon Sep 20 09:29:35 2021, 0, 5149, 0, 6, 0, 0, 7, 0, 0, 0, 0
Mon Sep 20 09:30:36 2021, 0, 5149, 0, 6, 0, 0, 7, 0, 0, 0, 0
Mon Sep 20 09:31:36 2021, 0, 5149, 0, 6, 0, 0, 7, 0, 0, 0, 0
Mon Sep 20 09:32:37 2021, 0, 5149, 0, 6, 0, 0, 7, 0, 0, 0, 0
Mon Sep 20 09:33:38 2021, 0, 5149, 0, 6, 0, 0, 7, 0, 0, 0, 0
Mon Sep 20 09:34:38 2021, 0, 5149, 0, 6, 0, 0, 7, 0, 0, 0, 0
Mon Sep 20 09:35:39 2021, 0, 5149, 0, 6, 0, 0, 7, 0, 0, 0, 0
Mon Sep 20 09:36:39 2021, 0, 5149, 0, 6, 0, 0, 7, 0, 0, 0, 0
Mon Sep 20 09:37:40 2021, 0, 5149, 0, 6, 0, 0, 7, 0, 0, 0, 0
Mon Sep 20 09:38:41 2021, 0, 5149, 0, 6, 0, 0, 7, 0, 0, 0, 0
Mon Sep 20 09:39:41 2021, 0, 5149, 0, 6, 0, 0, 7, 0, 0, 0, 0
Mon Sep 20 09:40:42 2021, 0, 5149, 0, 6, 0, 0, 7, 0, 0, 0, 0
Mon Sep 20 09:41:42 2021, 0, 5149, 0, 6, 0, 0, 7, 0, 0, 0, 0
Mon Sep 20 09:42:43 2021, 0, 5149, 0, 6, 0, 0, 7, 0, 0, 0, 0
Mon Sep 20 09:43:44 2021, 0, 5149, 0, 6, 0, 0, 7, 0, 0, 0, 0
Mon Sep 20 09:44:44 2021, 0, 5149, 0, 6, 0, 0, 7, 0, 0, 0, 0
Mon Sep 20 09:45:45 2021, 0, 5149, 0, 6, 0, 0, 7, 0, 0, 0, 0
Mon Sep 20 09:46:45 2021, 0, 5149, 0, 6, 0, 0, 7, 0, 0, 0, 0
Mon Sep 20 09:47:46 2021, 0, 5149, 0, 6, 0, 0, 7, 0, 0, 0, 0
Mon Sep 20 09:48:46 2021, 0, 5149, 0, 6, 0, 0, 7, 0, 0, 0, 0
Mon Sep 20 09:49:47 2021, 0, 5149, 0, 6, 0, 0, 7, 0, 0, 0, 0
Mon Sep 20 09:50:47 2021, 0, 5149, 0, 6, 0, 0, 7, 0, 0, 0, 0
Mon Sep 20 09:51:48 2021, 0, 5149, 0, 6, 0, 0, 7, 0, 0, 0, 0
Mon Sep 20 09:52:48 2021, 0, 5149, 0, 6, 0, 0, 7, 0, 0, 0, 0
Mon Sep 20 09:53:49 2021, 0, 5149, 0, 6, 0, 0, 7, 0, 0, 0, 0
Mon Sep 20 09:54:50 2021, 0, 5149, 0, 6, 0, 0, 7, 0, 0, 0, 0
Mon Sep 20 09:55:50 2021, 0, 5149, 0, 6, 0, 0, 7, 0, 0, 0, 0
Mon Sep 20 09:56:51 2021, 0, 5149, 0, 6, 0, 0, 7, 0, 0, 0, 0
Mon Sep 20 09:57:51 2021, 0, 5149, 0, 6, 0, 0, 7, 0, 0, 0, 0
Mon Sep 20 09:58:52 2021, 0, 5149, 0, 6, 0, 0, 7, 0, 0, 0, 0
Mon Sep 20 09:59:52 2021, 0, 5149, 0, 6, 0, 0, 7, 0, 0, 0, 0
Mon Sep 20 10:00:53 2021, 0, 5149, 0, 6, 0, 0, 7, 0, 0, 0, 0
Mon Sep 20 10:01:54 2021, 0, 5149, 0, 6, 0, 0, 7, 0, 0, 0, 0
Mon Sep 20 10:02:54 2021, 0, 5149, 0, 6, 0, 0, 7, 0, 0, 0, 0
Mon Sep 20 10:03:55 2021, 0, 5149, 0, 6, 0, 0, 7, 0, 0, 0, 0
Mon Sep 20 10:04:55 2021, 0, 5149, 0, 6, 0, 0, 7, 0, 0, 0, 0
Mon Sep 20 10:05:56 2021, 0, 5149, 0, 6, 0, 0, 7, 0, 0, 0, 0
Mon Sep 20 10:06:57 2021, 0, 5149, 0, 6, 0, 0, 7, 0, 0, 0, 0
Mon Sep 20 10:07:57 2021, 0, 5149, 0, 6, 0, 0, 7, 0, 0, 0, 0
Mon Sep 20 10:08:58 2021, 0, 5149, 0, 6, 0, 0, 7, 0, 0, 0, 0
Mon Sep 20 10:09:58 2021, 0, 5149, 0, 6, 0, 0, 7, 0, 0, 0, 0
Mon Sep 20 10:10:59 2021, 0, 5149, 0, 6, 0, 0, 7, 0, 0, 0, 0
Mon Sep 20 10:12:00 2021, 0, 5149, 0, 6, 0, 0, 7, 0, 0, 0, 0
Mon Sep 20 10:13:00 2021, 0, 5149, 0, 6, 0, 0, 7, 0, 0, 0, 0
Mon Sep 20 10:14:01 2021, 0, 5149, 0, 6, 0, 0, 7, 0, 0, 0, 0
Mon Sep 20 10:15:01 2021, 0, 5149, 0, 6, 0, 0, 7, 0, 0, 0, 0
Mon Sep 20 10:16:02 2021, 0, 5149, 0, 6, 0, 0, 7, 0, 0, 0, 0
Mon Sep 20 10:17:03 2021, 0, 5149, 0, 6, 0, 0, 7, 0, 0, 0, 0
Mon Sep 20 10:18:03 2021, 0, 5149, 0, 6, 0, 0, 7, 0, 0, 0, 0
Mon Sep 20 10:19:04 2021, 0, 5149, 0, 6, 0, 0, 7, 0, 0, 0, 0
Mon Sep 20 10:20:04 2021, 0, 5149, 0, 6, 0, 0, 7, 0, 0, 0, 0
Mon Sep 20 10:21:05 2021, 0, 5149, 0, 6, 0, 0, 7, 0, 0, 0, 0
Mon Sep 20 10:22:06 2021, 0, 5149, 0, 6, 0, 0, 7, 0, 0, 0, 0
Mon Sep 20 10:23:06 2021, 0, 5149, 0, 6, 0, 0, 7, 0, 0, 0, 0
Mon Sep 20 10:24:07 2021, 0, 5149, 0, 6, 0, 0, 7, 0, 0, 0, 0
Mon Sep 20 10:25:07 2021, 0, 5149, 0, 6, 0, 0, 7, 0, 0, 0, 0
Mon Sep 20 10:26:08 2021, 0, 5149, 0, 6, 0, 0, 7, 0, 0, 0, 0
Mon Sep 20 10:27:08 2021, 0, 5149, 0, 6, 0, 0, 7, 0, 0, 0, 0
Mon Sep 20 10:28:09 2021, 0, 5149, 0, 6, 0, 0, 7, 0, 0, 0, 0
Mon Sep 20 10:29:10 2021, 0, 5149, 0, 6, 0, 0, 7, 0, 0, 0, 0
Mon Sep 20 10:30:10 2021, 0, 5149, 0, 6, 0, 0, 7, 0, 0, 0, 0
Mon Sep 20 10:31:11 2021, 0, 5149, 0, 6, 0, 0, 7, 0, 0, 0, 0
Mon Sep 20 10:32:11 2021, 0, 5149, 0, 6, 0, 0, 7, 0, 0, 0, 0
Mon Sep 20 10:33:12 2021, 0, 5149, 0, 6, 0, 0, 7, 0, 0, 0, 0
Mon Sep 20 10:34:13 2021, 0, 5149, 0, 6, 0, 0, 7, 0, 0, 0, 0
Mon Sep 20 10:35:13 2021, 0, 5149, 0, 6, 0, 0, 7, 0, 0, 0, 0
Mon Sep 20 10:36:14 2021, 0, 5149, 0, 6, 0, 0, 7, 0, 0, 0, 0
Mon Sep 20 10:37:14 2021, 0, 5149, 0, 6, 0, 0, 7, 0, 0, 0, 0
Mon Sep 20 10:38:15 2021, 0, 5149, 0, 6, 0, 0, 7, 0, 0, 0, 0
Mon Sep 20 10:39:15 2021, 0, 5149, 0, 6, 0, 0, 7, 0, 0, 0, 0
Mon Sep 20 10:40:16 2021, 0, 5149, 0, 6, 0, 0, 7, 0, 0, 0, 0
Mon Sep 20 10:41:17 2021, 0, 5149, 0, 6, 0, 0, 7, 0, 0, 0, 0
Mon Sep 20 10:42:17 2021, 0, 5149, 0, 6, 0, 0, 7, 0, 0, 0, 0
Mon Sep 20 10:43:18 2021, 0, 5149, 0, 6, 0, 0, 7, 0, 0, 0, 0
Mon Sep 20 10:44:18 2021, 0, 5149, 0, 6, 0, 0, 7, 0, 0, 0, 0
Mon Sep 20 10:45:19 2021, 0, 5149, 0, 6, 0, 0, 7, 0, 0, 0, 0
Mon Sep 20 10:46:20 2021, 0, 5149, 0, 6, 0, 0, 7, 0, 0, 0, 0
Mon Sep 20 10:47:20 2021, 0, 5149, 0, 6, 0, 0, 7, 0, 0, 0, 0
Mon Sep 20 10:48:21 2021, 0, 5149, 0, 6, 0, 0, 7, 0, 0, 0, 0
Mon Sep 20 10:49:21 2021, 0, 5149, 0, 6, 0, 0, 7, 0, 0, 0, 0
Mon Sep 20 10:50:22 2021, 0, 5149, 0, 6, 0, 0, 7, 0, 0, 0, 0
Mon Sep 20 10:51:22 2021, 0, 5149, 0, 6, 0, 0, 7, 0, 0, 0, 0
Mon Sep 20 10:52:23 2021, 0, 5149, 0, 6, 0, 0, 7, 0, 0, 0, 0
Mon Sep 20 10:53:24 2021, 0, 5149, 0, 6, 0, 0, 7, 0, 0, 0, 0
Mon Sep 20 10:54:24 2021, 0, 5149, 0, 6, 0, 0, 7, 0, 0, 0, 0
Mon Sep 20 10:55:25 2021, 0, 5149, 0, 6, 0, 0, 7, 0, 0, 0, 0
Mon Sep 20 10:56:25 2021, 0, 5149, 0, 6, 0, 0, 7, 0, 0, 0, 0
Mon Sep 20 10:57:26 2021, 0, 5149, 0, 6, 0, 0, 7, 0, 0, 0, 0
Mon Sep 20 10:58:26 2021, 0, 5149, 0, 6, 0, 0, 7, 0, 0, 0, 0
Mon Sep 20 10:59:27 2021, 0, 5149, 0, 6, 0, 0, 7, 0, 0, 0, 0
Mon Sep 20 11:00:27 2021, 0, 5149, 0, 6, 0, 0, 7, 0, 0, 0, 0
Mon Sep 20 11:01:28 2021, 0, 5149, 0, 6, 0, 0, 7, 0, 0, 0, 0
Mon Sep 20 11:02:29 2021, 0, 5149, 0, 6, 0, 0, 7, 0, 0, 0, 0
Mon Sep 20 11:03:29 2021, 0, 5149, 0, 6, 0, 0, 7, 0, 0, 0, 0
Mon Sep 20 11:04:30 2021, 0, 5149, 0, 6, 0, 0, 7, 0, 0, 0, 0
Mon Sep 20 11:05:30 2021, 0, 5149, 0, 6, 0, 0, 7, 0, 0, 0, 0
Mon Sep 20 11:06:31 2021, 0, 5149, 0, 6, 0, 0, 7, 0, 0, 0, 0
Mon Sep 20 11:07:32 2021, 0, 5149, 0, 6, 0, 0, 7, 0, 0, 0, 0
Mon Sep 20 11:08:32 2021, 0, 5149, 0, 6, 0, 0, 7, 0, 0, 0, 0
Mon Sep 20 11:09:33 2021, 0, 5149, 0, 6, 0, 0, 7, 0, 0, 0, 0
Mon Sep 20 11:10:33 2021, 0, 5149, 0, 6, 0, 0, 7, 0, 0, 0, 0
Mon Sep 20 11:11:34 2021, 0, 5149, 0, 6, 0, 0, 7, 0, 0, 0, 0
Mon Sep 20 11:12:35 2021, 0, 5149, 0, 6, 0, 0, 7, 0, 0, 0, 0
Mon Sep 20 11:13:35 2021, 0, 5149, 0, 6, 0, 0, 7, 0, 0, 0, 0
Mon Sep 20 11:14:36 2021, 0, 5149, 0, 6, 0, 0, 7, 0, 0, 0, 0
Mon Sep 20 11:15:36 2021, 0, 5149, 0, 6, 0, 0, 7, 0, 0, 0, 0
Mon Sep 20 11:16:37 2021, 0, 5149, 0, 6, 0, 0, 7, 0, 0, 0, 0
Mon Sep 20 11:17:38 2021, 0, 5149, 0, 6, 0, 0, 7, 0, 0, 0, 0
Mon Sep 20 11:18:38 2021, 0, 5149, 0, 6, 0, 0, 7, 0, 0, 0, 0
Mon Sep 20 11:19:39 2021, 0, 5149, 0, 6, 0, 0, 7, 0, 0, 0, 0
Mon Sep 20 11:20:39 2021, 0, 5149, 0, 6, 0, 0, 7, 0, 0, 0, 0
Mon Sep 20 11:21:40 2021, 0, 5149, 0, 6, 0, 0, 7, 0, 0, 0, 0
Mon Sep 20 11:22:40 2021, 0, 5149, 0, 6, 0, 0, 7, 0, 0, 0, 0
Mon Sep 20 11:23:41 2021, 0, 5149, 0, 6, 0, 0, 7, 0, 0, 0, 0
Mon Sep 20 11:24:42 2021, 0, 5149, 0, 6, 0, 0, 7, 0, 0, 0, 0
Mon Sep 20 11:25:42 2021, 0, 5149, 0, 6, 0, 0, 7, 0, 0, 0, 0
Mon Sep 20 11:26:43 2021, 0, 5149, 0, 6, 0, 0, 7, 0, 0, 0, 0
Mon Sep 20 11:27:44 2021, 0, 5149, 0, 6, 0, 0, 7, 0, 0, 0, 0
Mon Sep 20 11:28:44 2021, 0, 5149, 0, 6, 0, 0, 7, 0, 0, 0, 0
Mon Sep 20 11:29:45 2021, 0, 5149, 0, 6, 0, 0, 7, 0, 0, 0, 0
Mon Sep 20 11:30:45 2021, 0, 5149, 0, 6, 0, 0, 7, 0, 0, 0, 0
Mon Sep 20 11:31:46 2021, 0, 5149, 0, 6, 0, 0, 7, 0, 0, 0, 0
Mon Sep 20 11:32:46 2021, 0, 5149, 0, 6, 0, 0, 7, 0, 0, 0, 0
Mon Sep 20 11:33:47 2021, 0, 5149, 0, 6, 0, 0, 7, 0, 0, 0, 0
Mon Sep 20 11:34:48 2021, 0, 5149, 0, 6, 0, 0, 7, 0, 0, 0, 0
Mon Sep 20 11:35:48 2021, 0, 5149, 0, 6, 0, 0, 7, 0, 0, 0, 0
Mon Sep 20 11:36:49 2021, 0, 5149, 0, 6, 0, 0, 7, 0, 0, 0, 0
Mon Sep 20 11:37:49 2021, 0, 5149, 0, 6, 0, 0, 7, 0, 0, 0, 0
Mon Sep 20 11:38:50 2021, 0, 5149, 0, 6, 0, 0, 7, 0, 0, 0, 0
Mon Sep 20 11:39:51 2021, 0, 5149, 0, 6, 0, 0, 7, 0, 0, 0, 0
Mon Sep 20 11:40:51 2021, 0, 5149, 0, 6, 0, 0, 7, 0, 0, 0, 0
Mon Sep 20 11:41:52 2021, 0, 5149, 0, 6, 0, 0, 7, 0, 0, 0, 0
Mon Sep 20 11:42:52 2021, 0, 5149, 0, 6, 0, 0, 7, 0, 0, 0, 0
Mon Sep 20 11:43:53 2021, 0, 5149, 0, 6, 0, 0, 7, 0, 0, 0, 0
Mon Sep 20 11:44:53 2021, 0, 5149, 0, 6, 0, 0, 7, 0, 0, 0, 0
Mon Sep 20 11:45:54 2021, 0, 5149, 0, 6, 0, 0, 7, 0, 0, 0, 0
Mon Sep 20 11:46:54 2021, 0, 5149, 0, 6, 0, 0, 7, 0, 0, 0, 0
Mon Sep 20 11:47:55 2021, 0, 5149, 0, 6, 0, 0, 7, 0, 0, 0, 0
Mon Sep 20 11:48:56 2021, 0, 5149, 0, 6, 0, 0, 7, 0, 0, 0, 0
Mon Sep 20 11:49:56 2021, 0, 5149, 0, 6, 0, 0, 7, 0, 0, 0, 0
Mon Sep 20 11:50:57 2021, 0, 5149, 0, 6, 0, 0, 7, 0, 0, 0, 0
Mon Sep 20 11:51:57 2021, 0, 5149, 0, 6, 0, 0, 7, 0, 0, 0, 0
Mon Sep 20 11:52:58 2021, 0, 5149, 0, 6, 0, 0, 7, 0, 0, 0, 0
Mon Sep 20 11:53:58 2021, 0, 5149, 0, 6, 0, 0, 7, 0, 0, 0, 0
Mon Sep 20 11:54:59 2021, 0, 5149, 0, 6, 0, 0, 7, 0, 0, 0, 0
Mon Sep 20 11:56:00 2021, 0, 5149, 0, 6, 0, 0, 7, 0, 0, 0, 0
Mon Sep 20 11:57:00 2021, 0, 5149, 0, 6, 0, 0, 7, 0, 0, 0, 0
Mon Sep 20 11:58:01 2021, 0, 5149, 0, 6, 0, 0, 7, 0, 0, 0, 0
Mon Sep 20 11:59:01 2021, 0, 5149, 0, 6, 0, 0, 7, 0, 0, 0, 0
Mon Sep 20 12:00:02 2021, 0, 5149, 0, 6, 0, 0, 7, 0, 0, 0, 0
Mon Sep 20 12:01:03 2021, 0, 5149, 0, 6, 0, 0, 7, 0, 0, 0, 0
Mon Sep 20 12:02:03 2021, 0, 5149, 0, 6, 0, 0, 7, 0, 0, 0, 0
Mon Sep 20 12:03:04 2021, 0, 5149, 0, 6, 0, 0, 7, 0, 0, 0, 0
Mon Sep 20 12:04:04 2021, 0, 5149, 0, 6, 0, 0, 7, 0, 0, 0, 0
Mon Sep 20 12:05:05 2021, 0, 5149, 0, 6, 0, 0, 7, 0, 0, 0, 0
Mon Sep 20 12:06:06 2021, 0, 5149, 0, 6, 0, 0, 7, 0, 0, 0, 0
Mon Sep 20 12:07:06 2021, 0, 5149, 0, 6, 0, 0, 7, 0, 0, 0, 0
Mon Sep 20 12:08:07 2021, 0, 5149, 0, 6, 0, 0, 7, 0, 0, 0, 0
Mon Sep 20 12:09:07 2021, 0, 5149, 0, 6, 0, 0, 7, 0, 0, 0, 0
Mon Sep 20 12:10:08 2021, 0, 5149, 0, 6, 0, 0, 7, 0, 0, 0, 0
Mon Sep 20 12:11:08 2021, 0, 5149, 0, 6, 0, 0, 7, 0, 0, 0, 0
Mon Sep 20 12:12:09 2021, 0, 5149, 0, 6, 0, 0, 7, 0, 0, 0, 0
Mon Sep 20 12:13:10 2021, 0, 5149, 0, 6, 0, 0, 7, 0, 0, 0, 0
Mon Sep 20 12:14:10 2021, 0, 5149, 0, 6, 0, 0, 7, 0, 0, 0, 0
Mon Sep 20 12:15:11 2021, 0, 5149, 0, 6, 0, 0, 7, 0, 0, 0, 0
Mon Sep 20 12:16:11 2021, 0, 5149, 0, 6, 0, 0, 7, 0, 0, 0, 0
Mon Sep 20 12:17:12 2021, 0, 5224, 4500, 6, 3630, 0, 7, 2775, 0, 4449.03, 1
Mon Sep 20 12:18:12 2021, 0, 5299, 4500, 6, 3630, 0, 7, 2775, 0, 4665.81, 1
Mon Sep 20 12:19:13 2021, 0, 5374, 4500, 6, 3630, 0, 7, 2625, 0, 4686.45, 1
Mon Sep 20 12:20:14 2021, 0, 5462, 5300, 6, 3630, 0, 7, 2550, 0, 4717.42, 1
Mon Sep 20 12:21:14 2021, 0, 5550, 5300, 6, 3630, 0, 7, 2250, 0, 4738.06, 1
Mon Sep 20 12:22:15 2021, 0, 5638, 5300, 6, 3630, 0, 7, 2175, 0, 4748.39, 1
Mon Sep 20 12:23:15 2021, 0, 5726, 5300, 6, 3630, 0, 7, 2025, 0, 4707.1, 1
Mon Sep 20 12:24:16 2021, 0, 5814, 5300, 6, 3630, 0, 7, 2025, 0, 4769.03, 1
Mon Sep 20 12:25:17 2021, 0, 5902, 5300, 6, 3630, 0, 7, 1875, 0, 4769.03, 1
Mon Sep 20 12:26:17 2021, 0, 5990, 5300, 6, 3630, 0, 7, 1800, 0, 4758.71, 1
Mon Sep 20 12:27:18 2021, 0, 6078, 5300, 6, 3630, 0, 7, 1725, 0, 4769.03, 1
Mon Sep 20 12:28:18 2021, 0, 6166, 5300, 6, 3630, 0, 7, 1725, 0, 4769.03, 1
Mon Sep 20 12:29:19 2021, 0, 6254, 5300, 6, 3630, 0, 7, 1650, 0, 4779.35, 1
Mon Sep 20 12:30:19 2021, 0, 6342, 5300, 6, 3630, 0, 7, 1575, 0, 4676.13, 1
Mon Sep 20 12:31:20 2021, 0, 6430, 5300, 6, 3630, 0, 7, 1575, 0, 4707.1, 1
Mon Sep 20 12:32:21 2021, 0, 6518, 5300, 6, 3630, 0, 7, 1425, 0, 4645.16, 1
Mon Sep 20 12:33:21 2021, 0, 6606, 5300, 6, 3630, 0, 7, 1425, 0, 4696.77, 1
Mon Sep 20 12:34:22 2021, 0, 6694, 5300, 6, 3630, 0, 7, 1275, 0, 4696.77, 1
Mon Sep 20 12:35:22 2021, 0, 6782, 5300, 6, 3630, 0, 7, 1200, 0, 4686.45, 1
Mon Sep 20 12:36:23 2021, 0, 6795, 800, 6, 3630, 0, 7, 1050, 0, 392.258, 1
Mon Sep 20 12:37:24 2021, 0, 6808, 800, 6, 3630, 0, 7, 1050, 0, 402.581, 1
Mon Sep 20 12:38:24 2021, 0, 6821, 800, 6, 3630, 0, 7, 1050, 0, 402.581, 1
Mon Sep 20 12:39:25 2021, 0, 6834, 800, 6, 3630, 0, 7, 975, 0, 402.581, 1
Mon Sep 20 12:40:25 2021, 0, 6847, 800, 6, 3630, 0, 7, 975, 0, 402.581, 1
Mon Sep 20 12:41:26 2021, 0, 6860, 800, 6, 3630, 0, 7, 975, 0, 402.581, 1
Mon Sep 20 12:42:27 2021, 0, 6873, 800, 6, 3630, 0, 7, 975, 0, 402.581, 1
Mon Sep 20 12:43:27 2021, 0, 6886, 800, 6, 3630, 0, 7, 975, 0, 402.581, 1
Mon Sep 20 12:44:28 2021, 0, 6899, 800, 6, 3630, 0, 7, 975, 0, 402.581, 1
Mon Sep 20 12:45:28 2021, 0, 6912, 800, 6, 3630, 0, 7, 975, 0, 402.581, 1
Mon Sep 20 12:46:29 2021, 0, 6925, 800, 6, 3630, 0, 7, 975, 0, 412.903, 1
Mon Sep 20 12:47:29 2021, 0, 6938, 800, 6, 3630, 0, 7, 975, 0, 402.581, 1
Mon Sep 20 12:48:30 2021, 0, 6951, 800, 6, 3630, 0, 7, 975, 0, 402.581, 1
Mon Sep 20 12:49:31 2021, 0, 6964, 800, 6, 3630, 0, 7, 975, 0, 402.581, 1
Mon Sep 20 12:50:31 2021, 0, 6977, 800, 6, 3630, 0, 7, 900, 0, 402.581, 1
Mon Sep 20 12:51:32 2021, 0, 6990, 800, 6, 3630, 0, 7, 900, 0, 412.903, 1
Mon Sep 20 12:52:32 2021, 0, 7003, 800, 6, 3630, 0, 7, 825, 0, 412.903, 1
Mon Sep 20 12:53:33 2021, 0, 7016, 800, 6, 3630, 0, 7, 825, 0, 402.581, 1
Mon Sep 20 12:54:34 2021, 0, 7029, 800, 6, 3630, 0, 7, 825, 0, 412.903, 1
Mon Sep 20 12:55:34 2021, 0, 7042, 800, 6, 3630, 0, 7, 825, 0, 412.903, 1
Mon Sep 20 12:56:35 2021, 0, 7055, 800, 6, 3630, 0, 7, 825, 0, 412.903, 1
Mon Sep 20 12:57:35 2021, 0, 7068, 800, 6, 3630, 0, 7, 825, 0, 412.903, 1
Mon Sep 20 12:58:36 2021, 0, 7081, 800, 6, 3630, 0, 7, 825, 0, 412.903, 1
Mon Sep 20 12:59:36 2021, 0, 7094, 800, 6, 3630, 0, 7, 825, 0, 412.903, 1
Mon Sep 20 13:00:37 2021, 0, 7107, 800, 6, 3630, 0, 7, 750, 0, 412.903, 1
Mon Sep 20 13:01:38 2021, 0, 7120, 800, 6, 3630, 0, 7, 750, 0, 412.903, 1
Mon Sep 20 13:02:38 2021, 0, 7133, 800, 6, 3630, 0, 7, 750, 0, 412.903, 1
Mon Sep 20 13:03:39 2021, 0, 7146, 800, 6, 3630, 0, 7, 750, 0, 412.903, 1
Mon Sep 20 13:04:39 2021, 0, 7159, 800, 6, 3630, 0, 7, 600, 0, 412.903, 1
Mon Sep 20 13:05:40 2021, 0, 7172, 800, 6, 3630, 0, 7, 600, 0, 423.226, 1
Mon Sep 20 13:06:41 2021, 0, 7185, 800, 6, 3630, 0, 7, 600, 0, 423.226, 1
Mon Sep 20 13:07:41 2021, 0, 7198, 800, 6, 3630, 0, 7, 600, 0, 423.226, 1
Mon Sep 20 13:08:42 2021, 0, 7211, 800, 6, 3630, 0, 7, 600, 0, 423.226, 1
Mon Sep 20 13:09:42 2021, 0, 7224, 800, 6, 3630, 0, 7, 600, 0, 423.226, 1
Mon Sep 20 13:10:43 2021, 0, 7237, 800, 6, 3630, 0, 7, 600, 0, 423.226, 1
Mon Sep 20 13:11:43 2021, 0, 7250, 800, 6, 3630, 0, 7, 600, 0, 423.226, 1
Mon Sep 20 13:12:44 2021, 0, 7263, 800, 6, 3630, 0, 7, 600, 0, 423.226, 1
Mon Sep 20 13:13:45 2021, 0, 7276, 800, 6, 3630, 0, 7, 600, 0, 423.226, 1
Mon Sep 20 13:14:45 2021, 0, 7289, 800, 6, 3630, 0, 7, 525, 0, 423.226, 1
Mon Sep 20 13:15:46 2021, 0, 7302, 800, 6, 3630, 0, 7, 525, 0, 423.226, 1
Mon Sep 20 13:16:46 2021, 0, 7315, 800, 6, 3630, 0, 7, 525, 0, 423.226, 1
Mon Sep 20 13:17:47 2021, 0, 7328, 800, 6, 3630, 0, 7, 525, 0, 423.226, 1
Mon Sep 20 13:18:48 2021, 0, 7341, 800, 6, 3630, 0, 7, 525, 0, 433.548, 1
Mon Sep 20 13:19:48 2021, 0, 7354, 800, 6, 3630, 0, 7, 525, 0, 433.548, 1
Mon Sep 20 13:20:49 2021, 0, 7367, 800, 6, 3630, 0, 7, 525, 0, 433.548, 1
Mon Sep 20 13:21:49 2021, 0, 7380, 800, 6, 3630, 0, 7, 525, 0, 433.548, 1
Mon Sep 20 13:22:50 2021, 0, 7393, 800, 6, 3630, 0, 7, 450, 0, 433.548, 1
Mon Sep 20 13:23:51 2021, 0, 7406, 800, 6, 3630, 0, 7, 450, 0, 433.548, 1
Mon Sep 20 13:24:51 2021, 0, 7419, 800, 6, 3630, 0, 7, 375, 0, 433.548, 1
Mon Sep 20 13:25:52 2021, 0, 7432, 800, 6, 3630, 0, 7, 375, 0, 433.548, 1
Mon Sep 20 13:26:52 2021, 0, 7445, 800, 6, 3630, 0, 7, 375, 0, 433.548, 1
Mon Sep 20 13:27:53 2021, 0, 7458, 800, 6, 3630, 0, 7, 375, 0, 433.548, 1
Mon Sep 20 13:28:53 2021, 0, 7471, 800, 6, 3630, 0, 7, 375, 0, 433.548, 1
Mon Sep 20 13:29:54 2021, 0, 7484, 800, 6, 3630, 0, 7, 225, 0, 433.548, 1
Mon Sep 20 13:30:55 2021, 0, 7497, 800, 6, 3630, 0, 7, 225, 0, 433.548, 1
Mon Sep 20 13:31:55 2021, 0, 7510, 800, 6, 3630, 0, 7, 225, 0, 433.548, 1
Mon Sep 20 13:32:56 2021, 0, 7523, 800, 6, 3630, 0, 7, 225, 0, 433.548, 1
Mon Sep 20 13:33:56 2021, 0, 7536, 800, 6, 3630, 0, 7, 225, 0, 433.548, 1
Mon Sep 20 13:34:57 2021, 0, 7549, 800, 6, 3630, 0, 7, 225, 0, 433.548, 1
Mon Sep 20 13:35:58 2021, 0, 7575, 800, 6, 3630, 0, 7, 225, 0, 443.871, 1
Mon Sep 20 13:36:58 2021, 0, 7588, 800, 6, 3630, 0, 7, 225, 0, 443.871, 1
Mon Sep 20 13:37:59 2021, 0, 7601, 800, 6, 3630, 0, 7, 225, 0, 443.871, 1
Mon Sep 20 13:38:59 2021, 0, 7614, 800, 6, 3630, 0, 7, 75, 0, 443.871, 1
Mon Sep 20 13:40:00 2021, 0, 7627, 800, 6, 3630, 0, 7, 75, 0, 443.871, 1
Mon Sep 20 13:41:01 2021, 0, 7640, 800, 6, 3630, 0, 7, 75, 0, 433.548, 1
Mon Sep 20 13:42:01 2021, 0, 7653, 800, 6, 3630, 0, 7, 75, 0, 433.548, 1
Mon Sep 20 13:43:02 2021, 0, 7666, 800, 6, 3630, 0, 7, 75, 0, 433.548, 1
Mon Sep 20 13:44:02 2021, 0, 7679, 800, 6, 3630, 0, 7, 75, 0, 443.871, 1
Mon Sep 20 13:45:03 2021, 0, 7692, 800, 6, 3630, 0, 7, 75, 0, 443.871, 1
Mon Sep 20 13:46:03 2021, 0, 7705, 800, 6, 3630, 0, 7, 0, 0, 443.871, 1
Mon Sep 20 13:47:04 2021, 0, 7718, 800, 6, 3630, 0, 7, 0, 0, 443.871, 1
Mon Sep 20 13:48:05 2021, 0, 7731, 800, 6, 3630, 0, 7, 0, 0, 443.871, 1
Mon Sep 20 13:49:05 2021, 0, 7744, 800, 6, 3630, 0, 7, 0, 0, 454.194, 1
Mon Sep 20 13:50:06 2021, 0, 7757, 800, 6, 3630, 0, 7, 0, 0, 443.871, 1
Mon Sep 20 13:51:06 2021, 0, 7770, 800, 6, 3630, 0, 7, 0, 0, 454.194, 1
Mon Sep 20 13:52:07 2021, 0, 7783, 800, 6, 3630, 0, 7, 0, 0, 454.194, 1
Mon Sep 20 13:53:07 2021, 0, 7796, 800, 6, 3630, 0, 7, 0, 0, 454.194, 1
Mon Sep 20 13:54:08 2021, 0, 7809, 800, 6, 3630, 0, 7, 0, 0, 443.871, 1
Mon Sep 20 13:55:08 2021, 0, 7822, 800, 6, 3630, 0, 7, 0, 0, 454.194, 1
Mon Sep 20 13:56:09 2021, 0, 7835, 800, 6, 3630, 0, 7, 0, 0, 454.194, 1
Mon Sep 20 13:57:09 2021, 0, 7848, 800, 6, 3630, 0, 7, 0, 0, 454.194, 1
Mon Sep 20 13:58:10 2021, 0, 7861, 800, 6, 3630, 0, 7, 0, 0, 454.194, 1
Mon Sep 20 13:59:11 2021, 0, 7874, 800, 6, 3630, 0, 7, 0, 0, 454.194, 1
Mon Sep 20 14:00:11 2021, 0, 7887, 800, 6, 3630, 0, 7, 0, 0, 454.194, 1
Mon Sep 20 14:01:12 2021, 0, 7900, 800, 6, 3630, 0, 7, 0, 0, 454.194, 1
Mon Sep 20 14:02:12 2021, 0, 7913, 800, 6, 3630, 0, 7, 0, 0, 454.194, 1
Mon Sep 20 14:03:13 2021, 0, 7926, 800, 6, 3630, 0, 7, 0, 0, 454.194, 1
Mon Sep 20 14:04:13 2021, 0, 7939, 800, 6, 3630, 0, 7, 0, 0, 454.194, 1
Mon Sep 20 14:05:14 2021, 0, 7952, 800, 6, 3630, 0, 7, 0, 0, 464.516, 1
Mon Sep 20 14:06:15 2021, 0, 7965, 800, 6, 3630, 0, 7, 0, 0, 454.194, 1
Mon Sep 20 14:07:15 2021, 0, 7978, 800, 6, 3630, 0, 7, 0, 0, 454.194, 1
Mon Sep 20 14:08:16 2021, 0, 7991, 800, 6, 3630, 0, 7, 0, 0, 454.194, 1
Mon Sep 20 14:09:16 2021, 0, 8004, 800, 6, 3630, 0, 7, 0, 0, 454.194, 1
Mon Sep 20 14:10:17 2021, 0, 8017, 800, 6, 3630, 0, 7, 0, 0, 454.194, 1
Mon Sep 20 14:11:17 2021, 0, 8030, 800, 6, 3630, 0, 7, 0, 0, 41.2903, 0
Mon Sep 20 14:12:18 2021, 0, 8030, 0, 6, 3630, 0, 7, 0, 0, 30.9677, 0
Mon Sep 20 14:13:19 2021, 0, 8030, 0, 6, 3630, 0, 7, 0, 0, 41.2903, 0
Mon Sep 20 14:14:19 2021, 0, 8030, 0, 6, 3630, 0, 7, 0, 0, 41.2903, 0
Mon Sep 20 14:15:20 2021, 0, 8030, 0, 6, 3630, 0, 7, 0, 0, 0, 0
Mon Sep 20 14:16:20 2021, 0, 8030, 0, 6, 3630, 0, 7, 0, 0, 0, 0
Mon Sep 20 14:17:21 2021, 0, 8030, 0, 6, 3630, 0, 7, 0, 0, 0, 0
Mon Sep 20 14:18:22 2021, 0, 8030, 0, 6, 3630, 0, 7, 0, 0, 0, 0
Mon Sep 20 14:19:22 2021, 0, 8030, 0, 6, 3630, 0, 7, 0, 0, 0, 0
Mon Sep 20 14:20:23 2021, 0, 8030, 0, 6, 3630, 0, 7, 0, 0, 0, 0
Mon Sep 20 14:21:23 2021, 0, 8030, 0, 6, 3630, 0, 7, 0, 0, 0, 0
Mon Sep 20 14:22:24 2021, 0, 8030, 0, 6, 3630, 0, 7, 0, 0, 0, 0
Mon Sep 20 14:23:24 2021, 0, 8030, 0, 6, 3630, 0, 7, 0, 0, 0, 0
Mon Sep 20 14:24:25 2021, 0, 8030, 0, 6, 3630, 0, 7, 0, 0, 0, 0
Mon Sep 20 14:25:25 2021, 0, 8030, 0, 6, 3630, 0, 7, 0, 0, 0, 0
Mon Sep 20 14:26:26 2021, 0, 8030, 0, 6, 3630, 0, 7, 0, 0, 0, 0
Mon Sep 20 14:27:27 2021, 0, 8030, 0, 6, 3630, 0, 7, 0, 0, 0, 0
Mon Sep 20 14:28:27 2021, 0, 8030, 0, 6, 3630, 0, 7, 0, 0, 0, 0
Mon Sep 20 14:29:28 2021, 0, 8030, 0, 6, 3630, 0, 7, 0, 0, 0, 0
Mon Sep 20 14:30:28 2021, 0, 8030, 0, 6, 3630, 0, 7, 0, 0, 0, 0
Mon Sep 20 14:31:29 2021, 0, 8030, 0, 6, 3630, 0, 7, 0, 0, 0, 0
Mon Sep 20 14:32:30 2021, 0, 8030, 0, 6, 3630, 0, 7, 0, 0, 0, 0
Mon Sep 20 14:33:30 2021, 0, 8030, 0, 6, 3630, 0, 7, 0, 0, 0, 0
Mon Sep 20 14:34:31 2021, 0, 8030, 0, 6, 3630, 0, 7, 0, 0, 0, 0
Mon Sep 20 14:35:31 2021, 0, 8030, 0, 6, 3630, 0, 7, 0, 0, 0, 0
Mon Sep 20 14:36:32 2021, 0, 8030, 0, 6, 3630, 0, 7, 0, 0, 0, 0
Mon Sep 20 14:37:33 2021, 0, 8030, 0, 6, 3630, 0, 7, 0, 0, 0, 0
Mon Sep 20 14:38:33 2021, 0, 8030, 0, 6, 3630, 0, 7, 0, 0, 0, 0
Mon Sep 20 14:39:34 2021, 0, 8030, 0, 6, 3630, 0, 7, 0, 0, 0, 0
Mon Sep 20 14:40:34 2021, 0, 8030, 0, 6, 3630, 0, 7, 0, 0, 0, 0
Mon Sep 20 14:41:35 2021, 0, 8030, 0, 6, 3630, 0, 7, 0, 0, 0, 0
Mon Sep 20 14:42:35 2021, 0, 8030, 0, 6, 3630, 0, 7, 0, 0, 0, 0
Mon Sep 20 14:43:36 2021, 0, 8030, 0, 6, 3630, 0, 7, 0, 0, 0, 0
Mon Sep 20 14:44:37 2021, 0, 8030, 0, 6, 3630, 0, 7, 0, 0, 0, 0
Mon Sep 20 14:45:37 2021, 0, 8030, 0, 6, 3630, 0, 7, 0, 0, 0, 0
Mon Sep 20 14:46:38 2021, 0, 8030, 0, 6, 3630, 0, 7, 0, 0, 0, 0
Mon Sep 20 14:47:38 2021, 0, 8030, 0, 6, 3630, 0, 7, 0, 0, 0, 0
Mon Sep 20 14:48:39 2021, 0, 8030, 0, 6, 3630, 0, 7, 0, 0, 0, 0
Mon Sep 20 14:49:39 2021, 0, 8030, 0, 6, 3630, 0, 7, 0, 0, 0, 0
Mon Sep 20 14:50:40 2021, 0, 8030, 0, 6, 3630, 0, 7, 0, 0, 0, 0
Mon Sep 20 14:51:40 2021, 0, 8030, 0, 6, 3630, 0, 7, 0, 0, 0, 0
Mon Sep 20 14:52:41 2021, 0, 8030, 0, 6, 3630, 0, 7, 0, 0, 0, 0
Mon Sep 20 14:53:42 2021, 0, 8030, 0, 6, 3630, 0, 7, 0, 0, 0, 0
Mon Sep 20 14:54:42 2021, 0, 8030, 0, 6, 3630, 0, 7, 0, 0, 0, 0
Mon Sep 20 14:55:43 2021, 0, 8030, 0, 6, 3630, 0, 7, 0, 0, 0, 0
Mon Sep 20 14:56:43 2021, 0, 8030, 0, 6, 3630, 0, 7, 0, 0, 0, 0
Mon Sep 20 14:57:44 2021, 0, 8030, 0, 6, 3630, 0, 7, 0, 0, 0, 0
Mon Sep 20 14:58:44 2021, 0, 8030, 0, 6, 3630, 0, 7, 0, 0, 0, 0
Mon Sep 20 14:59:45 2021, 0, 8030, 0, 6, 3630, 0, 7, 0, 0, 0, 0
Mon Sep 20 15:00:46 2021, 0, 8030, 0, 6, 3630, 0, 7, 0, 0, 0, 0
Mon Sep 20 15:01:46 2021, 0, 8030, 0, 6, 3630, 0, 7, 0, 0, 0, 0
Mon Sep 20 15:02:47 2021, 0, 8030, 0, 6, 3630, 0, 7, 0, 0, 0, 0
Mon Sep 20 15:03:47 2021, 0, 8030, 0, 6, 3630, 0, 7, 0, 0, 0, 0
Mon Sep 20 15:04:48 2021, 0, 8030, 0, 6, 3630, 0, 7, 0, 0, 0, 0
Mon Sep 20 15:05:49 2021, 0, 8030, 0, 6, 3630, 0, 7, 0, 0, 0, 0
Mon Sep 20 15:06:49 2021, 0, 8030, 0, 6, 3630, 0, 7, 0, 0, 0, 0
Mon Sep 20 15:07:50 2021, 0, 8030, 0, 6, 3630, 0, 7, 0, 0, 0, 0
Mon Sep 20 15:08:50 2021, 0, 8030, 0, 6, 3630, 0, 7, 0, 0, 0, 0
Mon Sep 20 15:09:51 2021, 0, 8030, 0, 6, 3630, 0, 7, 0, 0, 0, 0
Mon Sep 20 15:10:51 2021, 0, 8030, 0, 6, 3630, 0, 7, 0, 0, 0, 0
Mon Sep 20 15:11:52 2021, 0, 8030, 0, 6, 3630, 0, 7, 0, 0, 0, 0
Mon Sep 20 15:12:53 2021, 0, 8030, 0, 6, 3630, 0, 7, 0, 0, 0, 0
Mon Sep 20 15:13:53 2021, 0, 8030, 0, 6, 3630, 0, 7, 0, 0, 0, 0
Mon Sep 20 15:14:54 2021, 0, 8030, 0, 6, 3630, 0, 7, 0, 0, 0, 0
Mon Sep 20 15:15:54 2021, 0, 8030, 0, 6, 3630, 0, 7, 0, 0, 0, 0
Mon Sep 20 15:16:55 2021, 0, 8030, 0, 6, 3630, 0, 7, 0, 0, 0, 0
Mon Sep 20 15:17:56 2021, 0, 8030, 0, 6, 3630, 0, 7, 0, 0, 0, 0
Mon Sep 20 15:18:56 2021, 0, 8030, 0, 6, 3630, 0, 7, 0, 0, 0, 0
Mon Sep 20 15:19:57 2021, 0, 8030, 0, 6, 3630, 0, 7, 0, 0, 0, 0
Mon Sep 20 15:20:57 2021, 0, 8030, 0, 6, 3630, 0, 7, 0, 0, 10.3226, 0
Mon Sep 20 15:21:58 2021, 0, 8030, 0, 6, 3630, 0, 7, 0, 0, 0, 0
Mon Sep 20 15:22:58 2021, 0, 8030, 0, 6, 3630, 0, 7, 0, 0, 0, 0
Mon Sep 20 15:23:59 2021, 0, 8030, 0, 6, 3630, 0, 7, 0, 0, 0, 0
Mon Sep 20 15:25:00 2021, 0, 8030, 0, 6, 3630, 0, 7, 0, 0, 0, 0
Mon Sep 20 15:26:00 2021, 0, 8030, 0, 6, 3630, 0, 7, 0, 0, 0, 0
Mon Sep 20 15:27:01 2021, 0, 8030, 0, 6, 3630, 0, 7, 0, 0, 0, 0
Mon Sep 20 15:28:01 2021, 0, 8030, 0, 6, 3630, 0, 7, 0, 0, 0, 0
Mon Sep 20 15:29:02 2021, 0, 8030, 0, 6, 3630, 0, 7, 0, 0, 0, 0
Mon Sep 20 15:30:02 2021, 0, 8030, 0, 6, 3630, 0, 7, 0, 0, 0, 0
Mon Sep 20 15:31:03 2021, 0, 8030, 0, 6, 3630, 0, 7, 0, 0, 0, 0
Mon Sep 20 15:32:03 2021, 0, 8030, 0, 6, 3630, 0, 7, 0, 0, 0, 0
Mon Sep 20 15:33:04 2021, 0, 8030, 0, 6, 3630, 0, 7, 0, 0, 0, 0
Mon Sep 20 15:34:05 2021, 0, 8030, 0, 6, 3630, 0, 7, 0, 0, 0, 0
Mon Sep 20 15:35:05 2021, 0, 8030, 0, 6, 3630, 0, 7, 0, 0, 0, 0
Mon Sep 20 15:36:06 2021, 0, 8030, 0, 6, 3630, 0, 7, 0, 0, 0, 0
Mon Sep 20 15:37:06 2021, 0, 8030, 0, 6, 3630, 0, 7, 0, 0, 0, 0
Mon Sep 20 15:38:07 2021, 0, 8030, 0, 6, 3630, 0, 7, 0, 0, 0, 0
Mon Sep 20 15:39:08 2021, 0, 8030, 0, 6, 3630, 0, 7, 0, 0, 0, 0
Mon Sep 20 15:40:08 2021, 0, 8030, 0, 6, 3630, 0, 7, 0, 0, 0, 0
Mon Sep 20 15:41:09 2021, 0, 8030, 0, 6, 3630, 0, 7, 0, 0, 0, 0
Mon Sep 20 15:42:09 2021, 0, 8030, 0, 6, 3630, 0, 7, 0, 0, 0, 0
Mon Sep 20 15:43:10 2021, 0, 8030, 0, 6, 3630, 0, 7, 0, 0, 0, 0
Mon Sep 20 15:44:11 2021, 0, 8030, 0, 6, 3630, 0, 7, 0, 0, 0, 0
Mon Sep 20 15:45:11 2021, 0, 8030, 0, 6, 3630, 0, 7, 0, 0, 0, 0
Mon Sep 20 15:46:12 2021, 0, 8030, 0, 6, 3630, 0, 7, 0, 0, 0, 0
Mon Sep 20 15:47:12 2021, 0, 8030, 0, 6, 3630, 0, 7, 0, 0, 0, 0
Mon Sep 20 15:48:13 2021, 0, 8030, 0, 6, 3630, 0, 7, 0, 0, 0, 0
Mon Sep 20 15:49:14 2021, 0, 8030, 0, 6, 3630, 0, 7, 0, 0, 0, 0
Mon Sep 20 15:50:14 2021, 0, 8030, 0, 6, 3630, 0, 7, 0, 0, 0, 0
Mon Sep 20 15:51:15 2021, 0, 8030, 0, 6, 3630, 0, 7, 0, 0, 0, 0
Mon Sep 20 15:52:15 2021, 0, 8030, 0, 6, 3630, 0, 7, 0, 0, 0, 0
Mon Sep 20 15:53:16 2021, 0, 8030, 0, 6, 3630, 0, 7, 0, 0, 0, 0
Mon Sep 20 15:54:16 2021, 0, 8030, 0, 6, 3630, 0, 7, 0, 0, 0, 0
Mon Sep 20 15:55:17 2021, 0, 8030, 0, 6, 3630, 0, 7, 0, 0, 0, 0
Mon Sep 20 15:56:18 2021, 0, 8030, 0, 6, 3630, 0, 7, 0, 0, 0, 0
Mon Sep 20 15:57:18 2021, 0, 8030, 0, 6, 3630, 0, 7, 0, 0, 0, 0
Mon Sep 20 15:58:19 2021, 0, 8030, 0, 6, 3630, 0, 7, 0, 0, 0, 0
Mon Sep 20 15:59:19 2021, 0, 8030, 0, 6, 3630, 0, 7, 0, 0, 0, 0
Mon Sep 20 16:00:20 2021, 0, 8030, 0, 6, 3630, 0, 7, 0, 0, 0, 0
Mon Sep 20 16:01:21 2021, 0, 8030, 0, 6, 3630, 0, 7, 0, 0, 0, 0
Mon Sep 20 16:02:21 2021, 0, 8030, 0, 6, 3630, 0, 7, 0, 0, 0, 0
Mon Sep 20 16:03:22 2021, 0, 8030, 0, 6, 3630, 0, 7, 0, 0, 0, 0
Mon Sep 20 16:04:22 2021, 0, 8030, 0, 6, 3630, 0, 7, 0, 0, 0, 0
Mon Sep 20 16:05:23 2021, 0, 8030, 0, 6, 3630, 0, 7, 0, 0, 0, 0
Mon Sep 20 16:06:24 2021, 0, 8030, 0, 6, 3630, 0, 7, 0, 0, 0, 0
Mon Sep 20 16:07:24 2021, 0, 8030, 0, 6, 3630, 0, 7, 0, 0, 0, 0
Mon Sep 20 16:08:25 2021, 0, 8030, 0, 6, 3630, 0, 7, 0, 0, 0, 0
Mon Sep 20 16:09:25 2021, 0, 8030, 0, 6, 3630, 0, 7, 0, 0, 0, 0
Mon Sep 20 16:10:26 2021, 0, 8030, 0, 6, 3630, 0, 7, 0, 0, 0, 0
Mon Sep 20 16:11:26 2021, 0, 8030, 0, 6, 3630, 0, 7, 0, 0, 0, 0
Mon Sep 20 16:12:27 2021, 0, 8030, 0, 6, 3630, 0, 7, 0, 0, 0, 0
Mon Sep 20 16:13:28 2021, 0, 8030, 0, 6, 3630, 0, 7, 0, 0, 0, 0
Mon Sep 20 16:14:28 2021, 0, 8030, 0, 6, 3630, 0, 7, 0, 0, 0, 0
Mon Sep 20 16:15:29 2021, 0, 8030, 0, 6, 3630, 0, 7, 0, 0, 0, 0
Mon Sep 20 16:16:29 2021, 0, 8030, 0, 6, 3630, 0, 7, 0, 0, 0, 0
Mon Sep 20 16:17:30 2021, 0, 8030, 0, 6, 3630, 0, 7, 0, 0, 0, 0
Mon Sep 20 16:18:31 2021, 0, 8030, 0, 6, 3630, 0, 7, 0, 0, 0, 0
Mon Sep 20 16:19:31 2021, 0, 8030, 0, 6, 3630, 0, 7, 0, 0, 0, 0
Mon Sep 20 16:20:32 2021, 0, 8030, 0, 6, 3630, 0, 7, 0, 0, 0, 0
Mon Sep 20 16:21:32 2021, 0, 8030, 0, 6, 3630, 0, 7, 0, 0, 0, 0
Mon Sep 20 16:22:33 2021, 0, 8030, 0, 6, 3630, 0, 7, 0, 0, 0, 0
Mon Sep 20 16:23:33 2021, 0, 8030, 0, 6, 3630, 0, 7, 0, 0, 0, 0
Mon Sep 20 16:24:34 2021, 0, 8030, 0, 6, 3630, 0, 7, 0, 0, 0, 0
Mon Sep 20 16:25:35 2021, 0, 8030, 0, 6, 3630, 0, 7, 0, 0, 0, 0
Mon Sep 20 16:26:35 2021, 0, 8030, 0, 6, 3630, 0, 7, 0, 0, 0, 0
Mon Sep 20 16:27:36 2021, 0, 8030, 0, 6, 3630, 0, 7, 0, 0, 0, 0
Mon Sep 20 16:28:36 2021, 0, 8030, 0, 6, 3630, 0, 7, 0, 0, 0, 0
Mon Sep 20 16:29:37 2021, 0, 8030, 0, 6, 3630, 0, 7, 0, 0, 0, 0
Mon Sep 20 16:30:38 2021, 0, 8030, 0, 6, 3630, 0, 7, 0, 0, 0, 0
Mon Sep 20 16:31:38 2021, 0, 8030, 0, 6, 3630, 0, 7, 0, 0, 0, 0
Mon Sep 20 16:32:39 2021, 0, 8030, 0, 6, 3630, 0, 7, 0, 0, 0, 0
Mon Sep 20 16:33:39 2021, 0, 8030, 0, 6, 3630, 0, 7, 0, 0, 0, 0
Mon Sep 20 16:34:40 2021, 0, 8030, 0, 6, 3630, 0, 7, 0, 0, 0, 0
Mon Sep 20 16:35:41 2021, 0, 8030, 0, 6, 3630, 0, 7, 0, 0, 0, 0
Mon Sep 20 16:36:41 2021, 0, 8030, 0, 6, 3630, 0, 7, 0, 0, 0, 0
Mon Sep 20 16:37:42 2021, 0, 8030, 0, 6, 3630, 0, 7, 0, 0, 0, 0
Mon Sep 20 16:38:42 2021, 0, 8030, 0, 6, 3630, 0, 7, 0, 0, 0, 0
Mon Sep 20 16:39:43 2021, 0, 8030, 0, 6, 3630, 0, 7, 0, 0, 0, 0
Mon Sep 20 16:40:43 2021, 0, 8030, 0, 6, 3630, 0, 7, 0, 0, 0, 0
Mon Sep 20 16:41:44 2021, 0, 8030, 0, 6, 3630, 0, 7, 0, 0, 0, 0
Mon Sep 20 16:42:45 2021, 0, 8030, 0, 6, 3630, 0, 7, 0, 0, 0, 0
Mon Sep 20 16:43:45 2021, 0, 8030, 0, 6, 3630, 0, 7, 0, 0, 0, 0
Mon Sep 20 16:44:46 2021, 0, 8030, 0, 6, 3630, 0, 7, 0, 0, 0, 0
Mon Sep 20 16:45:46 2021, 0, 8030, 0, 6, 3630, 0, 7, 0, 0, 0, 0
Mon Sep 20 16:46:47 2021, 0, 8030, 0, 6, 3630, 0, 7, 0, 0, 0, 0
Mon Sep 20 16:47:48 2021, 0, 8030, 0, 6, 3630, 0, 7, 0, 0, 0, 0
Mon Sep 20 16:48:48 2021, 0, 8030, 0, 6, 3630, 0, 7, 0, 0, 0, 0
Mon Sep 20 16:49:49 2021, 0, 8030, 0, 6, 3630, 0, 7, 0, 0, 0, 0
Mon Sep 20 16:50:49 2021, 0, 8030, 0, 6, 3630, 0, 7, 0, 0, 0, 0
Mon Sep 20 16:51:50 2021, 0, 8030, 0, 6, 3630, 0, 7, 0, 0, 0, 0
Mon Sep 20 16:52:50 2021, 0, 8030, 0, 6, 3630, 0, 7, 0, 0, 0, 0
Mon Sep 20 16:53:51 2021, 0, 8030, 0, 6, 3630, 0, 7, 0, 0, 0, 0
Mon Sep 20 16:54:52 2021, 0, 8030, 0, 6, 3630, 0, 7, 0, 0, 0, 0
Mon Sep 20 16:55:52 2021, 0, 8030, 0, 6, 3630, 0, 7, 0, 0, 0, 0
Mon Sep 20 16:56:53 2021, 0, 8030, 0, 6, 3630, 0, 7, 0, 0, 0, 0
Mon Sep 20 16:57:53 2021, 0, 8030, 0, 6, 3630, 0, 7, 0, 0, 0, 0
Mon Sep 20 16:58:54 2021, 0, 8030, 0, 6, 3630, 0, 7, 0, 0, 0, 0
Mon Sep 20 16:59:55 2021, 0, 8030, 0, 6, 3630, 0, 7, 0, 0, 0, 0
Mon Sep 20 17:00:55 2021, 0, 8030, 0, 6, 3630, 0, 7, 0, 0, 0, 0
Mon Sep 20 17:01:56 2021, 0, 8030, 0, 6, 3630, 0, 7, 0, 0, 0, 0
Mon Sep 20 17:02:56 2021, 0, 8030, 0, 6, 3630, 0, 7, 0, 0, 0, 0
Mon Sep 20 17:03:57 2021, 0, 8030, 0, 6, 3630, 0, 7, 0, 0, 0, 0
Mon Sep 20 17:04:57 2021, 0, 8030, 0, 6, 3630, 0, 7, 0, 0, 0, 0
Mon Sep 20 17:05:58 2021, 0, 8030, 0, 6, 3630, 0, 7, 0, 0, 0, 0
Mon Sep 20 17:06:58 2021, 0, 8030, 0, 6, 3630, 0, 7, 0, 0, 0, 0
Mon Sep 20 17:07:59 2021, 0, 8030, 0, 6, 3630, 0, 7, 0, 0, 0, 0
Mon Sep 20 17:09:00 2021, 0, 8030, 0, 6, 3630, 0, 7, 0, 0, 0, 0
Mon Sep 20 17:10:00 2021, 0, 8030, 0, 6, 3630, 0, 7, 0, 0, 0, 0
Mon Sep 20 17:11:01 2021, 0, 8030, 0, 6, 3630, 0, 7, 0, 0, 0, 0
Mon Sep 20 17:12:01 2021, 0, 8030, 0, 6, 3630, 0, 7, 0, 0, 0, 0
Mon Sep 20 17:13:02 2021, 0, 8030, 0, 6, 3630, 0, 7, 0, 0, 0, 0
Mon Sep 20 17:14:02 2021, 0, 8030, 0, 6, 3630, 0, 7, 0, 0, 0, 0
Mon Sep 20 17:15:03 2021, 0, 8030, 0, 6, 3630, 0, 7, 0, 0, 0, 0
Mon Sep 20 17:16:04 2021, 0, 8030, 0, 6, 3630, 0, 7, 0, 0, 0, 0
Mon Sep 20 17:17:04 2021, 0, 8030, 0, 6, 3630, 0, 7, 0, 0, 0, 0
Mon Sep 20 17:18:05 2021, 0, 8030, 0, 6, 3630, 0, 7, 0, 0, 0, 0
Mon Sep 20 17:19:05 2021, 0, 8030, 0, 6, 3630, 0, 7, 0, 0, 0, 0
Mon Sep 20 17:20:06 2021, 0, 8030, 0, 6, 3630, 0, 7, 0, 0, 0, 0
Mon Sep 20 17:21:06 2021, 0, 8030, 0, 6, 3630, 0, 7, 0, 0, 0, 0
Mon Sep 20 17:22:07 2021, 0, 8030, 0, 6, 3630, 0, 7, 0, 0, 0, 0
Mon Sep 20 17:23:08 2021, 0, 8030, 0, 6, 3630, 0, 7, 0, 0, 0, 0
Mon Sep 20 17:24:08 2021, 0, 8030, 0, 6, 3630, 0, 7, 0, 0, 0, 0
Mon Sep 20 17:25:09 2021, 0, 8030, 0, 6, 3630, 0, 7, 0, 0, 0, 0
Mon Sep 20 17:26:09 2021, 0, 8030, 0, 6, 3630, 0, 7, 0, 0, 0, 0
Mon Sep 20 17:27:10 2021, 0, 8030, 0, 6, 3630, 0, 7, 0, 0, 0, 0
Mon Sep 20 17:28:11 2021, 0, 8030, 0, 6, 3630, 0, 7, 0, 0, 0, 0
Mon Sep 20 17:29:11 2021, 0, 8030, 0, 6, 3630, 0, 7, 0, 0, 0, 0
Mon Sep 20 17:30:12 2021, 0, 8030, 0, 6, 3630, 0, 7, 0, 0, 0, 0
Mon Sep 20 17:31:12 2021, 0, 8030, 0, 6, 3630, 0, 7, 0, 0, 0, 0
Mon Sep 20 17:32:13 2021, 0, 8030, 0, 6, 3630, 0, 7, 0, 0, 0, 0
Mon Sep 20 17:33:13 2021, 0, 8030, 0, 6, 3630, 0, 7, 0, 0, 0, 0
Mon Sep 20 17:34:14 2021, 0, 8030, 0, 6, 3630, 0, 7, 0, 0, 0, 0
Mon Sep 20 17:35:15 2021, 0, 8030, 0, 6, 3630, 0, 7, 0, 0, 0, 0
Mon Sep 20 17:36:15 2021, 0, 8030, 0, 6, 3630, 0, 7, 0, 0, 0, 0
Mon Sep 20 17:37:16 2021, 0, 8030, 0, 6, 3630, 0, 7, 0, 0, 0, 0
Mon Sep 20 17:38:16 2021, 0, 8030, 0, 6, 3630, 0, 7, 0, 0, 0, 0
Mon Sep 20 17:39:17 2021, 0, 8030, 0, 6, 3630, 0, 7, 0, 0, 0, 0
Mon Sep 20 17:40:17 2021, 0, 8030, 0, 6, 3630, 0, 7, 0, 0, 0, 0
Mon Sep 20 17:41:18 2021, 0, 8030, 0, 6, 3630, 0, 7, 0, 0, 0, 0
Mon Sep 20 17:42:19 2021, 0, 8030, 0, 6, 3630, 0, 7, 0, 0, 0, 0
Mon Sep 20 17:43:19 2021, 0, 8030, 0, 6, 3630, 0, 7, 0, 0, 0, 0
Mon Sep 20 17:44:20 2021, 0, 8030, 0, 6, 3630, 0, 7, 0, 0, 0, 0
Mon Sep 20 17:45:20 2021, 0, 8030, 0, 6, 3630, 0, 7, 0, 0, 0, 0
Mon Sep 20 17:46:21 2021, 0, 8030, 0, 6, 3630, 0, 7, 0, 0, 0, 0
Mon Sep 20 17:47:21 2021, 0, 8030, 0, 6, 3630, 0, 7, 0, 0, 0, 0
Mon Sep 20 17:48:22 2021, 0, 8030, 0, 6, 3630, 0, 7, 0, 0, 0, 0
Mon Sep 20 17:49:22 2021, 0, 8030, 0, 6, 3630, 0, 7, 0, 0, 0, 0
Mon Sep 20 17:50:23 2021, 0, 8030, 0, 6, 3630, 0, 7, 0, 0, 0, 0
Mon Sep 20 17:51:24 2021, 0, 8030, 0, 6, 3630, 0, 7, 0, 0, 0, 0
Mon Sep 20 17:52:24 2021, 0, 8030, 0, 6, 3630, 0, 7, 0, 0, 0, 0
Mon Sep 20 17:53:25 2021, 0, 8030, 0, 6, 3630, 0, 7, 0, 0, 0, 0
Mon Sep 20 17:54:25 2021, 0, 8030, 0, 6, 3630, 0, 7, 0, 0, 0, 0
Mon Sep 20 17:55:26 2021, 0, 8030, 0, 6, 3630, 0, 7, 0, 0, 0, 0
Mon Sep 20 17:56:27 2021, 0, 8030, 0, 6, 3630, 0, 7, 0, 0, 0, 0
Mon Sep 20 17:57:27 2021, 0, 8030, 0, 6, 3630, 0, 7, 0, 0, 0, 0
Mon Sep 20 17:58:28 2021, 0, 8030, 0, 6, 3630, 0, 7, 0, 0, 0, 0
Mon Sep 20 17:59:28 2021, 0, 8030, 0, 6, 3630, 0, 7, 0, 0, 0, 0
Mon Sep 20 18:00:29 2021, 0, 8030, 0, 6, 3630, 0, 7, 0, 0, 0, 0
Mon Sep 20 18:01:29 2021, 0, 8030, 0, 6, 3630, 0, 7, 0, 0, 0, 0
Mon Sep 20 18:02:30 2021, 0, 8030, 0, 6, 3630, 0, 7, 0, 0, 0, 0
Mon Sep 20 18:03:31 2021, 0, 8030, 0, 6, 3630, 0, 7, 0, 0, 0, 0
Mon Sep 20 18:04:31 2021, 0, 8030, 0, 6, 3630, 0, 7, 0, 0, 0, 0
Mon Sep 20 18:05:32 2021, 0, 8030, 0, 6, 3630, 0, 7, 0, 0, 0, 0
Mon Sep 20 18:06:32 2021, 0, 8030, 0, 6, 3630, 0, 7, 0, 0, 0, 0
Mon Sep 20 18:07:33 2021, 0, 8030, 0, 6, 3630, 0, 7, 0, 0, 0, 0
Mon Sep 20 18:08:33 2021, 0, 8030, 0, 6, 3630, 0, 7, 0, 0, 0, 0
Mon Sep 20 18:09:34 2021, 0, 8030, 0, 6, 3630, 0, 7, 0, 0, 0, 0
Mon Sep 20 18:10:35 2021, 0, 8030, 0, 6, 3630, 0, 7, 0, 0, 0, 0
Mon Sep 20 18:11:35 2021, 0, 8030, 0, 6, 3630, 0, 7, 0, 0, 0, 0
Mon Sep 20 18:12:36 2021, 0, 8030, 0, 6, 3630, 0, 7, 0, 0, 0, 0
Mon Sep 20 18:13:36 2021, 0, 8030, 0, 6, 3630, 0, 7, 0, 0, 0, 0
Mon Sep 20 18:14:37 2021, 0, 8030, 0, 6, 3630, 0, 7, 0, 0, 0, 0
Mon Sep 20 18:15:37 2021, 0, 8030, 0, 6, 3630, 0, 7, 0, 0, 0, 0
Mon Sep 20 18:16:38 2021, 0, 8030, 0, 6, 3630, 0, 7, 0, 0, 0, 0
Mon Sep 20 18:17:38 2021, 0, 8030, 0, 6, 3630, 0, 7, 0, 0, 0, 0
Mon Sep 20 18:18:39 2021, 0, 8030, 0, 6, 3630, 0, 7, 0, 0, 0, 0
Mon Sep 20 18:19:40 2021, 0, 8030, 0, 6, 3630, 0, 7, 0, 0, 0, 0
Mon Sep 20 18:20:40 2021, 0, 8030, 0, 6, 3630, 0, 7, 0, 0, 0, 0
Mon Sep 20 18:21:41 2021, 0, 8030, 0, 6, 3630, 0, 7, 0, 0, 0, 0
Mon Sep 20 18:22:41 2021, 0, 8030, 0, 6, 3630, 0, 7, 0, 0, 0, 0
Mon Sep 20 18:23:42 2021, 0, 8030, 0, 6, 3630, 0, 7, 0, 0, 0, 0
Mon Sep 20 18:24:43 2021, 0, 8030, 0, 6, 3630, 0, 7, 0, 0, 0, 0
Mon Sep 20 18:25:43 2021, 0, 8030, 0, 6, 3630, 0, 7, 0, 0, 0, 0
Mon Sep 20 18:26:44 2021, 0, 8030, 0, 6, 3630, 0, 7, 0, 0, 0, 0
Mon Sep 20 18:27:44 2021, 0, 8030, 0, 6, 3630, 0, 7, 0, 0, 0, 0
Mon Sep 20 18:28:45 2021, 0, 8030, 0, 6, 3630, 0, 7, 0, 0, 0, 0
Mon Sep 20 18:29:46 2021, 0, 8030, 0, 6, 3630, 0, 7, 0, 0, 0, 0
Mon Sep 20 18:30:46 2021, 0, 8030, 0, 6, 3630, 0, 7, 0, 0, 0, 0
Mon Sep 20 18:31:47 2021, 0, 8030, 0, 6, 3630, 0, 7, 0, 0, 0, 0
Mon Sep 20 18:32:47 2021, 0, 8030, 0, 6, 3630, 0, 7, 0, 0, 0, 0
Mon Sep 20 18:33:48 2021, 0, 8030, 0, 6, 3630, 0, 7, 0, 0, 0, 0
Mon Sep 20 18:34:49 2021, 0, 8030, 0, 6, 3630, 0, 7, 0, 0, 0, 0
Mon Sep 20 18:35:49 2021, 0, 8030, 0, 6, 3630, 0, 7, 0, 0, 0, 0
Mon Sep 20 18:36:50 2021, 0, 8030, 0, 6, 3630, 0, 7, 0, 0, 0, 0
Mon Sep 20 18:37:50 2021, 0, 8030, 0, 6, 3630, 0, 7, 0, 0, 0, 0
Mon Sep 20 18:38:51 2021, 0, 8030, 0, 6, 3630, 0, 7, 0, 0, 0, 0
Mon Sep 20 18:39:51 2021, 0, 8030, 0, 6, 3630, 0, 7, 0, 0, 0, 0
Mon Sep 20 18:40:52 2021, 0, 8030, 0, 6, 3630, 0, 7, 0, 0, 0, 0
Mon Sep 20 18:41:52 2021, 0, 8030, 0, 6, 3630, 0, 7, 0, 0, 0, 0
Mon Sep 20 18:42:53 2021, 0, 8030, 0, 6, 3630, 0, 7, 0, 0, 0, 0
Mon Sep 20 18:43:53 2021, 0, 8030, 0, 6, 3630, 0, 7, 0, 0, 0, 0
Mon Sep 20 18:44:54 2021, 0, 8030, 0, 6, 3630, 0, 7, 0, 0, 0, 0
Mon Sep 20 18:45:55 2021, 0, 8030, 0, 6, 3630, 0, 7, 0, 0, 0, 0
Mon Sep 20 18:46:55 2021, 0, 8030, 0, 6, 3630, 0, 7, 0, 0, 0, 0
Mon Sep 20 18:47:56 2021, 0, 8030, 0, 6, 3630, 0, 7, 0, 0, 0, 0
Mon Sep 20 18:48:56 2021, 0, 8030, 0, 6, 3630, 0, 7, 0, 0, 0, 0
Mon Sep 20 18:49:57 2021, 0, 8030, 0, 6, 3630, 0, 7, 0, 0, 0, 0
Mon Sep 20 18:50:58 2021, 0, 8030, 0, 6, 3630, 0, 7, 0, 0, 0, 0
Mon Sep 20 18:51:58 2021, 0, 8030, 0, 6, 3630, 0, 7, 0, 0, 0, 0
Mon Sep 20 18:52:59 2021, 0, 8030, 0, 6, 3630, 0, 7, 0, 0, 0, 0
Mon Sep 20 18:53:59 2021, 0, 8030, 0, 6, 3630, 0, 7, 0, 0, 0, 0
Mon Sep 20 18:55:00 2021, 0, 8030, 0, 6, 3630, 0, 7, 0, 0, 0, 0
Mon Sep 20 18:56:01 2021, 0, 8030, 0, 6, 3630, 0, 7, 0, 0, 0, 0
Mon Sep 20 18:57:01 2021, 0, 8030, 0, 6, 3630, 0, 7, 0, 0, 0, 0
Mon Sep 20 18:58:02 2021, 0, 8030, 0, 6, 3630, 0, 7, 0, 0, 0, 0
Mon Sep 20 18:59:02 2021, 0, 8030, 0, 6, 3630, 0, 7, 0, 0, 0, 0
Mon Sep 20 19:00:03 2021, 0, 8030, 0, 6, 3630, 0, 7, 0, 0, 0, 0
Mon Sep 20 19:01:03 2021, 0, 8030, 0, 6, 3630, 0, 7, 0, 0, 0, 0
Mon Sep 20 19:02:04 2021, 0, 8030, 0, 6, 3630, 0, 7, 0, 0, 0, 0
Mon Sep 20 19:03:05 2021, 0, 8030, 0, 6, 3630, 0, 7, 0, 0, 0, 0
Mon Sep 20 19:04:05 2021, 0, 8030, 0, 6, 3630, 0, 7, 0, 0, 0, 0
Mon Sep 20 19:05:06 2021, 0, 8030, 0, 6, 3630, 0, 7, 0, 0, 0, 0
Mon Sep 20 19:06:06 2021, 0, 8030, 0, 6, 3630, 0, 7, 0, 0, 0, 0
Mon Sep 20 19:07:07 2021, 0, 8030, 0, 6, 3630, 0, 7, 0, 0, 0, 0
Mon Sep 20 19:08:07 2021, 0, 8030, 0, 6, 3630, 0, 7, 0, 0, 0, 0
Mon Sep 20 19:09:08 2021, 0, 8030, 0, 6, 3630, 0, 7, 0, 0, 0, 0
Mon Sep 20 19:10:08 2021, 0, 8030, 0, 6, 3630, 0, 7, 0, 0, 0, 0
Mon Sep 20 19:11:09 2021, 0, 8030, 0, 6, 3630, 0, 7, 0, 0, 0, 0
Mon Sep 20 19:12:10 2021, 0, 8030, 0, 6, 3630, 0, 7, 0, 0, 0, 0
Mon Sep 20 19:13:10 2021, 0, 8030, 0, 6, 3630, 0, 7, 0, 0, 0, 0
Mon Sep 20 19:14:11 2021, 0, 8030, 0, 6, 3630, 0, 7, 0, 0, 0, 0
Mon Sep 20 19:15:11 2021, 0, 8030, 0, 6, 3630, 0, 7, 0, 0, 0, 0
Mon Sep 20 19:16:12 2021, 0, 8030, 0, 6, 3630, 0, 7, 0, 0, 0, 0
Mon Sep 20 19:17:13 2021, 0, 8030, 0, 6, 3630, 0, 7, 0, 0, 0, 0
Mon Sep 20 19:18:13 2021, 0, 8030, 0, 6, 3630, 0, 7, 0, 0, 0, 0
Mon Sep 20 19:19:14 2021, 0, 8030, 0, 6, 3630, 0, 7, 0, 0, 0, 0
Mon Sep 20 19:20:14 2021, 0, 8030, 0, 6, 3630, 0, 7, 0, 0, 0, 0
Mon Sep 20 19:21:15 2021, 0, 8030, 0, 6, 3630, 0, 7, 0, 0, 0, 0
Mon Sep 20 19:22:16 2021, 0, 8030, 0, 6, 3630, 0, 7, 0, 0, 0, 0
Mon Sep 20 19:23:16 2021, 0, 8030, 0, 6, 3630, 0, 7, 0, 0, 0, 0
Mon Sep 20 19:24:17 2021, 0, 8030, 0, 6, 3630, 0, 7, 0, 0, 0, 0
Mon Sep 20 19:25:17 2021, 0, 8030, 0, 6, 3630, 0, 7, 0, 0, 0, 0
Mon Sep 20 19:26:18 2021, 0, 8030, 0, 6, 3630, 0, 7, 0, 0, 0, 0
Mon Sep 20 19:27:18 2021, 0, 8030, 0, 6, 3630, 0, 7, 0, 0, 0, 0
Mon Sep 20 19:28:19 2021, 0, 8030, 0, 6, 3630, 0, 7, 0, 0, 0, 0
Mon Sep 20 19:29:20 2021, 0, 8030, 0, 6, 3630, 0, 7, 0, 0, 0, 0
Mon Sep 20 19:30:20 2021, 0, 8030, 0, 6, 3630, 0, 7, 0, 0, 0, 0
Mon Sep 20 19:31:21 2021, 0, 8030, 0, 6, 3630, 0, 7, 0, 0, 0, 0
Mon Sep 20 19:32:21 2021, 0, 8030, 0, 6, 3630, 0, 7, 0, 0, 0, 0
Mon Sep 20 19:33:22 2021, 0, 8030, 0, 6, 3630, 0, 7, 0, 0, 0, 0
Mon Sep 20 19:34:23 2021, 0, 8030, 0, 6, 3630, 0, 7, 0, 0, 0, 0
Mon Sep 20 19:35:23 2021, 0, 8030, 0, 6, 3630, 0, 7, 0, 0, 0, 0
Mon Sep 20 19:36:24 2021, 0, 8030, 0, 6, 3630, 0, 7, 0, 0, 0, 0
Mon Sep 20 19:37:24 2021, 0, 8030, 0, 6, 3630, 0, 7, 0, 0, 0, 0
Mon Sep 20 19:38:25 2021, 0, 8030, 0, 6, 3630, 0, 7, 0, 0, 0, 0
Mon Sep 20 19:39:25 2021, 0, 8030, 0, 6, 3630, 0, 7, 0, 0, 0, 0
Mon Sep 20 19:40:26 2021, 0, 8030, 0, 6, 3630, 0, 7, 0, 0, 0, 0
Mon Sep 20 19:41:26 2021, 0, 8030, 0, 6, 3630, 0, 7, 0, 0, 0, 0
Mon Sep 20 19:42:27 2021, 0, 8030, 0, 6, 3630, 0, 7, 0, 0, 0, 0
Mon Sep 20 19:43:28 2021, 0, 8030, 0, 6, 3630, 0, 7, 0, 0, 0, 0
Mon Sep 20 19:44:28 2021, 0, 8030, 0, 6, 3630, 0, 7, 0, 0, 0, 0
Mon Sep 20 19:45:29 2021, 0, 8030, 0, 6, 3630, 0, 7, 0, 0, 0, 0
Mon Sep 20 19:46:29 2021, 0, 8030, 0, 6, 3630, 0, 7, 0, 0, 0, 0
Mon Sep 20 19:47:30 2021, 0, 8030, 0, 6, 3630, 0, 7, 0, 0, 0, 0
Mon Sep 20 19:48:31 2021, 0, 8030, 0, 6, 3630, 0, 7, 0, 0, 0, 0
Mon Sep 20 19:49:31 2021, 0, 8030, 0, 6, 3630, 0, 7, 0, 0, 0, 0
Mon Sep 20 19:50:32 2021, 0, 8030, 0, 6, 3630, 0, 7, 0, 0, 0, 0
Mon Sep 20 19:51:32 2021, 0, 8030, 0, 6, 3630, 0, 7, 0, 0, 0, 0
Mon Sep 20 19:52:33 2021, 0, 8030, 0, 6, 3630, 0, 7, 0, 0, 0, 0
Mon Sep 20 19:53:33 2021, 0, 8030, 0, 6, 3630, 0, 7, 0, 0, 0, 0
Mon Sep 20 19:54:34 2021, 0, 8030, 0, 6, 3630, 0, 7, 0, 0, 0, 0
Mon Sep 20 19:55:34 2021, 0, 8030, 0, 6, 3630, 0, 7, 0, 0, 0, 0
Mon Sep 20 19:56:35 2021, 0, 8030, 0, 6, 3630, 0, 7, 0, 0, 0, 0
Mon Sep 20 19:57:36 2021, 0, 8030, 0, 6, 3630, 0, 7, 0, 0, 0, 0
Mon Sep 20 19:58:36 2021, 0, 8030, 0, 6, 3630, 0, 7, 0, 0, 0, 0
Mon Sep 20 19:59:37 2021, 0, 8030, 0, 6, 3630, 0, 7, 0, 0, 0, 0
Mon Sep 20 20:00:37 2021, 0, 8030, 0, 6, 3630, 0, 7, 0, 0, 0, 0
Mon Sep 20 20:01:38 2021, 0, 8030, 0, 6, 3630, 0, 7, 0, 0, 0, 0
Mon Sep 20 20:02:38 2021, 0, 8030, 0, 6, 3630, 0, 7, 0, 0, 0, 0
Mon Sep 20 20:03:39 2021, 0, 8030, 0, 6, 3630, 0, 7, 0, 0, 0, 0
Mon Sep 20 20:04:40 2021, 0, 8030, 0, 6, 3630, 0, 7, 0, 0, 0, 0
Mon Sep 20 20:05:40 2021, 0, 8030, 0, 6, 3630, 0, 7, 0, 0, 0, 0
Mon Sep 20 20:06:41 2021, 0, 8030, 0, 6, 3630, 0, 7, 0, 0, 0, 0
Mon Sep 20 20:07:41 2021, 0, 8030, 0, 6, 3630, 0, 7, 0, 0, 0, 0
Mon Sep 20 20:08:42 2021, 0, 8030, 0, 6, 3630, 0, 7, 0, 0, 0, 0
Mon Sep 20 20:09:43 2021, 0, 8030, 0, 6, 3630, 0, 7, 0, 0, 0, 0
Mon Sep 20 20:10:43 2021, 0, 8030, 0, 6, 3630, 0, 7, 0, 0, 0, 0
Mon Sep 20 20:11:44 2021, 0, 8030, 0, 6, 3630, 0, 7, 0, 0, 0, 0
Mon Sep 20 20:12:44 2021, 0, 8030, 0, 6, 3630, 0, 7, 0, 0, 0, 0
Mon Sep 20 20:13:45 2021, 0, 8030, 0, 6, 3630, 0, 7, 0, 0, 0, 0
Mon Sep 20 20:14:46 2021, 0, 8030, 0, 6, 3630, 0, 7, 0, 0, 0, 0
Mon Sep 20 20:15:46 2021, 0, 8030, 0, 6, 3630, 0, 7, 0, 0, 0, 0
Mon Sep 20 20:16:47 2021, 0, 8030, 0, 6, 3630, 0, 7, 0, 0, 0, 0
Mon Sep 20 20:17:47 2021, 0, 8030, 0, 6, 3630, 0, 7, 0, 0, 0, 0
Mon Sep 20 20:18:48 2021, 0, 8030, 0, 6, 3630, 0, 7, 0, 0, 0, 0
Mon Sep 20 20:19:48 2021, 0, 8030, 0, 6, 3630, 0, 7, 0, 0, 0, 0
Mon Sep 20 20:20:49 2021, 0, 8030, 0, 6, 3630, 0, 7, 0, 0, 0, 0
Mon Sep 20 20:21:50 2021, 0, 8030, 0, 6, 3630, 0, 7, 0, 0, 0, 0
Mon Sep 20 20:22:50 2021, 0, 8030, 0, 6, 3630, 0, 7, 0, 0, 0, 0
Mon Sep 20 20:23:51 2021, 0, 8030, 0, 6, 3630, 0, 7, 0, 0, 0, 0
Mon Sep 20 20:24:51 2021, 0, 8030, 0, 6, 3630, 0, 7, 0, 0, 0, 0
Mon Sep 20 20:25:52 2021, 0, 8030, 0, 6, 3630, 0, 7, 0, 0, 0, 0
Mon Sep 20 20:26:52 2021, 0, 8030, 0, 6, 3630, 0, 7, 0, 0, 0, 0
Mon Sep 20 20:27:53 2021, 0, 8030, 0, 6, 3630, 0, 7, 0, 0, 0, 0
Mon Sep 20 20:28:54 2021, 0, 8030, 0, 6, 3630, 0, 7, 0, 0, 0, 0
Mon Sep 20 20:29:54 2021, 0, 8030, 0, 6, 3630, 0, 7, 0, 0, 0, 0
Mon Sep 20 20:30:55 2021, 0, 8030, 0, 6, 3630, 0, 7, 0, 0, 0, 0
Mon Sep 20 20:31:55 2021, 0, 8030, 0, 6, 3630, 0, 7, 0, 0, 0, 0
Mon Sep 20 20:32:56 2021, 0, 8030, 0, 6, 3630, 0, 7, 0, 0, 0, 0
Mon Sep 20 20:33:56 2021, 0, 8030, 0, 6, 3630, 0, 7, 0, 0, 0, 0
Mon Sep 20 20:34:57 2021, 0, 8030, 0, 6, 3630, 0, 7, 0, 0, 0, 0
Mon Sep 20 20:35:58 2021, 0, 8030, 0, 6, 3630, 0, 7, 0, 0, 0, 0
Mon Sep 20 20:36:58 2021, 0, 8030, 0, 6, 3630, 0, 7, 0, 0, 0, 0
Mon Sep 20 20:37:59 2021, 0, 8030, 0, 6, 3630, 0, 7, 0, 0, 0, 0
Mon Sep 20 20:38:59 2021, 0, 8030, 0, 6, 3630, 0, 7, 0, 0, 0, 0
Mon Sep 20 20:40:00 2021, 0, 8030, 0, 6, 3630, 0, 7, 0, 0, 0, 0
Mon Sep 20 20:41:01 2021, 0, 8030, 0, 6, 3630, 0, 7, 0, 0, 0, 0
Mon Sep 20 20:42:01 2021, 0, 8030, 0, 6, 3630, 0, 7, 0, 0, 0, 0
Mon Sep 20 20:43:02 2021, 0, 8030, 0, 6, 3630, 0, 7, 0, 0, 0, 0
Mon Sep 20 20:44:02 2021, 0, 8030, 0, 6, 3630, 0, 7, 0, 0, 0, 0
Mon Sep 20 20:45:03 2021, 0, 8030, 0, 6, 3630, 0, 7, 0, 0, 0, 0
Mon Sep 20 20:46:04 2021, 0, 8030, 0, 6, 3630, 0, 7, 0, 0, 0, 0
Mon Sep 20 20:47:04 2021, 0, 8030, 0, 6, 3630, 0, 7, 0, 0, 0, 0
Mon Sep 20 20:48:05 2021, 0, 8030, 0, 6, 3630, 0, 7, 0, 0, 0, 0
Mon Sep 20 20:49:05 2021, 0, 8030, 0, 6, 3630, 0, 7, 0, 0, 0, 0
Mon Sep 20 20:50:06 2021, 0, 8030, 0, 6, 3630, 0, 7, 0, 0, 0, 0
Mon Sep 20 20:51:07 2021, 0, 8030, 0, 6, 3630, 0, 7, 0, 0, 0, 0
Mon Sep 20 20:52:07 2021, 0, 8030, 0, 6, 3630, 0, 7, 0, 0, 0, 0
Mon Sep 20 20:53:08 2021, 0, 8030, 0, 6, 3630, 0, 7, 0, 0, 0, 0
Mon Sep 20 20:54:08 2021, 0, 8030, 0, 6, 3630, 0, 7, 0, 0, 0, 0
Mon Sep 20 20:55:09 2021, 0, 8030, 0, 6, 3630, 0, 7, 0, 0, 0, 0
Mon Sep 20 20:56:09 2021, 0, 8030, 0, 6, 3630, 0, 7, 0, 0, 0, 0
Mon Sep 20 20:57:10 2021, 0, 8030, 0, 6, 3630, 0, 7, 0, 0, 0, 0
Mon Sep 20 20:58:10 2021, 0, 8030, 0, 6, 3630, 0, 7, 0, 0, 0, 0
Mon Sep 20 20:59:11 2021, 0, 8030, 0, 6, 3630, 0, 7, 0, 0, 0, 0
Mon Sep 20 21:00:12 2021, 0, 8030, 0, 6, 3630, 0, 7, 0, 0, 0, 0
Mon Sep 20 21:01:12 2021, 0, 8030, 0, 6, 3630, 0, 7, 0, 0, 0, 0
Mon Sep 20 21:02:13 2021, 0, 8030, 0, 6, 3630, 0, 7, 0, 0, 0, 0
Mon Sep 20 21:03:13 2021, 0, 8030, 0, 6, 3630, 0, 7, 0, 0, 0, 0
Mon Sep 20 21:04:14 2021, 0, 8030, 0, 6, 3630, 0, 7, 0, 0, 0, 0
Mon Sep 20 21:05:14 2021, 0, 8030, 0, 6, 3630, 0, 7, 0, 0, 0, 0
Mon Sep 20 21:06:15 2021, 0, 8030, 0, 6, 3630, 0, 7, 0, 0, 0, 0
Mon Sep 20 21:07:16 2021, 0, 8030, 0, 6, 3630, 0, 7, 0, 0, 0, 0
Mon Sep 20 21:08:16 2021, 0, 8030, 0, 6, 3630, 0, 7, 0, 0, 0, 0
Mon Sep 20 21:09:17 2021, 0, 8030, 0, 6, 3630, 0, 7, 0, 0, 0, 0
Mon Sep 20 21:10:17 2021, 0, 8030, 0, 6, 3630, 0, 7, 0, 0, 0, 0
Mon Sep 20 21:11:18 2021, 0, 8030, 0, 6, 3630, 0, 7, 0, 0, 0, 0
Mon Sep 20 21:12:19 2021, 0, 8030, 0, 6, 3630, 0, 7, 0, 0, 0, 0
Mon Sep 20 21:13:19 2021, 0, 8030, 0, 6, 3630, 0, 7, 0, 0, 0, 0
Mon Sep 20 21:14:20 2021, 0, 8030, 0, 6, 3630, 0, 7, 0, 0, 0, 0
Mon Sep 20 21:15:20 2021, 0, 8030, 0, 6, 3630, 0, 7, 0, 0, 0, 0
Mon Sep 20 21:16:21 2021, 0, 8030, 0, 6, 3630, 0, 7, 0, 0, 0, 0
Mon Sep 20 21:17:21 2021, 0, 8030, 0, 6, 3630, 0, 7, 0, 0, 0, 0
Mon Sep 20 21:18:22 2021, 0, 8030, 0, 6, 3630, 0, 7, 0, 0, 0, 0
Mon Sep 20 21:19:23 2021, 0, 8030, 0, 6, 3630, 0, 7, 0, 0, 0, 0
Mon Sep 20 21:20:23 2021, 0, 8030, 0, 6, 3630, 0, 7, 0, 0, 0, 0
Mon Sep 20 21:21:24 2021, 0, 8030, 0, 6, 3630, 0, 7, 0, 0, 0, 0
Mon Sep 20 21:22:24 2021, 0, 8030, 0, 6, 3630, 0, 7, 150, 0, 0, 0
Mon Sep 20 21:23:25 2021, 0, 8030, 0, 6, 3630, 0, 7, 150, 0, 0, 0
Mon Sep 20 21:24:25 2021, 0, 8030, 0, 6, 3630, 0, 7, 0, 0, 0, 0
Mon Sep 20 21:25:26 2021, 0, 8030, 0, 6, 3630, 0, 7, 0, 0, 0, 0
Mon Sep 20 21:26:27 2021, 0, 8030, 0, 6, 3630, 0, 7, 150, 0, 0, 0
Mon Sep 20 21:27:27 2021, 0, 8030, 0, 6, 3630, 0, 7, 0, 0, 0, 0
Mon Sep 20 21:28:28 2021, 0, 8030, 0, 6, 3630, 0, 7, 150, 0, 0, 0
Mon Sep 20 21:29:28 2021, 0, 8030, 0, 6, 3630, 0, 7, 150, 0, 0, 0
Mon Sep 20 21:30:29 2021, 0, 8030, 0, 6, 3630, 0, 7, 0, 0, 0, 0
Mon Sep 20 21:31:30 2021, 0, 8030, 0, 6, 3630, 0, 7, 150, 0, 0, 0
Mon Sep 20 21:32:30 2021, 0, 8030, 0, 6, 3630, 0, 7, 150, 0, 0, 0
Mon Sep 20 21:33:31 2021, 0, 8030, 0, 6, 3630, 0, 7, 0, 0, 0, 0
Mon Sep 20 21:34:31 2021, 0, 8030, 0, 6, 3630, 0, 7, 150, 0, 0, 0
Mon Sep 20 21:35:32 2021, 0, 8030, 0, 6, 3630, 0, 7, 0, 0, 0, 0
Mon Sep 20 21:36:33 2021, 0, 8030, 0, 6, 3630, 0, 7, 150, 0, 0, 0
Mon Sep 20 21:37:33 2021, 0, 8030, 0, 6, 3630, 0, 7, 150, 0, 0, 0
Mon Sep 20 21:38:34 2021, 0, 8030, 0, 6, 3630, 0, 7, 150, 0, 0, 0
Mon Sep 20 21:39:34 2021, 0, 8030, 0, 6, 3630, 0, 7, 150, 0, 0, 0
Mon Sep 20 21:40:35 2021, 0, 8030, 0, 6, 3630, 0, 7, 150, 0, 0, 0
Mon Sep 20 21:41:35 2021, 0, 8030, 0, 6, 3630, 0, 7, 150, 0, 0, 0
Mon Sep 20 21:42:36 2021, 0, 8030, 0, 6, 3630, 0, 7, 150, 0, 0, 0
Mon Sep 20 21:43:37 2021, 0, 8030, 0, 6, 3630, 0, 7, 150, 0, 0, 0
Mon Sep 20 21:44:37 2021, 0, 8030, 0, 6, 3630, 0, 7, 150, 0, 0, 0
Mon Sep 20 21:45:38 2021, 0, 8030, 0, 6, 3630, 0, 7, 150, 0, 0, 0
Mon Sep 20 21:46:38 2021, 0, 8030, 0, 6, 3630, 0, 7, 150, 0, 0, 0
Mon Sep 20 21:47:39 2021, 0, 8030, 0, 6, 3630, 0, 7, 150, 0, 0, 0
Mon Sep 20 21:48:39 2021, 0, 8030, 0, 6, 3630, 0, 7, 150, 0, 0, 0
Mon Sep 20 21:49:40 2021, 0, 8030, 0, 6, 3630, 0, 7, 150, 0, 0, 0
Mon Sep 20 21:50:41 2021, 0, 8030, 0, 6, 3630, 0, 7, 150, 0, 0, 0
Mon Sep 20 21:51:41 2021, 0, 8030, 0, 6, 3630, 0, 7, 150, 0, 0, 0
Mon Sep 20 21:52:42 2021, 0, 8030, 0, 6, 3630, 0, 7, 150, 0, 0, 0
Mon Sep 20 21:53:42 2021, 0, 8030, 0, 6, 3630, 0, 7, 150, 0, 0, 0
Mon Sep 20 21:54:43 2021, 0, 8030, 0, 6, 3630, 0, 7, 150, 0, 0, 0
Mon Sep 20 21:55:43 2021, 0, 8030, 0, 6, 3630, 0, 7, 150, 0, 0, 0
Mon Sep 20 21:56:44 2021, 0, 8030, 0, 6, 3630, 0, 7, 150, 0, 0, 0
Mon Sep 20 21:57:45 2021, 0, 8030, 0, 6, 3630, 0, 7, 150, 0, 0, 0
Mon Sep 20 21:58:45 2021, 0, 8030, 0, 6, 3630, 0, 7, 150, 0, 0, 0
Mon Sep 20 21:59:46 2021, 0, 8030, 0, 6, 3630, 0, 7, 150, 0, 0, 0
Mon Sep 20 22:00:46 2021, 0, 8030, 0, 6, 3630, 0, 7, 150, 0, 0, 0
Mon Sep 20 22:01:47 2021, 0, 8030, 0, 6, 3630, 0, 7, 150, 0, 0, 0
Mon Sep 20 22:02:47 2021, 0, 8030, 0, 6, 3630, 0, 7, 150, 0, 0, 0
Mon Sep 20 22:03:48 2021, 0, 8030, 0, 6, 3630, 0, 7, 150, 0, 0, 0
Mon Sep 20 22:04:48 2021, 0, 8030, 0, 6, 3630, 0, 7, 150, 0, 0, 0
Mon Sep 20 22:05:49 2021, 0, 8030, 0, 6, 3630, 0, 7, 150, 0, 0, 0
Mon Sep 20 22:06:50 2021, 0, 8030, 0, 6, 3630, 0, 7, 150, 0, 0, 0
Mon Sep 20 22:07:50 2021, 0, 8030, 0, 6, 3630, 0, 7, 150, 0, 0, 0
Mon Sep 20 22:08:51 2021, 0, 8030, 0, 6, 3630, 0, 7, 150, 0, 0, 0
Mon Sep 20 22:09:51 2021, 0, 8030, 0, 6, 3630, 0, 7, 150, 0, 0, 0
Mon Sep 20 22:10:52 2021, 0, 8030, 0, 6, 3630, 0, 7, 150, 0, 0, 0
Mon Sep 20 22:11:53 2021, 0, 8030, 0, 6, 3630, 0, 7, 150, 0, 0, 0
Mon Sep 20 22:12:53 2021, 0, 8030, 0, 6, 3630, 0, 7, 150, 0, 0, 0
Mon Sep 20 22:13:54 2021, 0, 8030, 0, 6, 3630, 0, 7, 150, 0, 0, 0
Mon Sep 20 22:14:54 2021, 0, 8030, 0, 6, 3630, 0, 7, 150, 0, 0, 0
Mon Sep 20 22:15:55 2021, 0, 8030, 0, 6, 3630, 0, 7, 150, 0, 0, 0
Mon Sep 20 22:16:56 2021, 0, 8030, 0, 6, 3630, 0, 7, 150, 0, 0, 0
Mon Sep 20 22:17:56 2021, 0, 8030, 0, 6, 3630, 0, 7, 150, 0, 0, 0
Mon Sep 20 22:18:57 2021, 0, 8030, 0, 6, 3630, 0, 7, 150, 0, 0, 0
Mon Sep 20 22:19:57 2021, 0, 8030, 0, 6, 3630, 0, 7, 150, 0, 0, 0
Mon Sep 20 22:20:58 2021, 0, 8030, 0, 6, 3630, 0, 7, 150, 0, 0, 0
Mon Sep 20 22:21:59 2021, 0, 8030, 0, 6, 3630, 0, 7, 150, 0, 0, 0
Mon Sep 20 22:22:59 2021, 0, 8030, 0, 6, 3630, 0, 7, 150, 0, 0, 0
Mon Sep 20 22:24:00 2021, 0, 8030, 0, 6, 3630, 0, 7, 150, 0, 0, 0
Mon Sep 20 22:25:00 2021, 0, 8030, 0, 6, 3630, 0, 7, 150, 0, 0, 0
Mon Sep 20 22:26:01 2021, 0, 8030, 0, 6, 3630, 0, 7, 150, 0, 0, 0
Mon Sep 20 22:27:02 2021, 0, 8030, 0, 6, 3630, 0, 7, 150, 0, 0, 0
Mon Sep 20 22:28:02 2021, 0, 8030, 0, 6, 3630, 0, 7, 150, 0, 0, 0
Mon Sep 20 22:29:03 2021, 0, 8030, 0, 6, 3630, 0, 7, 150, 0, 0, 0
Mon Sep 20 22:30:03 2021, 0, 8030, 0, 6, 3630, 0, 7, 150, 0, 0, 0
Mon Sep 20 22:31:04 2021, 0, 8030, 0, 6, 3630, 0, 7, 150, 0, 0, 0
Mon Sep 20 22:32:04 2021, 0, 8030, 0, 6, 3630, 0, 7, 150, 0, 0, 0
Mon Sep 20 22:33:05 2021, 0, 8030, 0, 6, 3630, 0, 7, 150, 0, 0, 0
Mon Sep 20 22:34:06 2021, 0, 8030, 0, 6, 3630, 0, 7, 150, 0, 0, 0
Mon Sep 20 22:35:06 2021, 0, 8030, 0, 6, 3630, 0, 7, 150, 0, 0, 0
Mon Sep 20 22:36:07 2021, 0, 8030, 0, 6, 3630, 0, 7, 150, 0, 0, 0
Mon Sep 20 22:37:07 2021, 0, 8030, 0, 6, 3630, 0, 7, 150, 0, 0, 0
Mon Sep 20 22:38:08 2021, 0, 8030, 0, 6, 3630, 0, 7, 150, 0, 0, 0
Mon Sep 20 22:39:08 2021, 0, 8030, 0, 6, 3630, 0, 7, 150, 0, 0, 0
Mon Sep 20 22:40:09 2021, 0, 8030, 0, 6, 3630, 0, 7, 150, 0, 0, 0
Mon Sep 20 22:41:10 2021, 0, 8030, 0, 6, 3630, 0, 7, 150, 0, 0, 0
Mon Sep 20 22:42:10 2021, 0, 8030, 0, 6, 3630, 0, 7, 150, 0, 0, 0
Mon Sep 20 22:43:11 2021, 0, 8030, 0, 6, 3630, 0, 7, 150, 0, 0, 0
Mon Sep 20 22:44:11 2021, 0, 8030, 0, 6, 3630, 0, 7, 150, 0, 0, 0
Mon Sep 20 22:45:12 2021, 0, 8030, 0, 6, 3630, 0, 7, 150, 0, 0, 0
Mon Sep 20 22:46:13 2021, 0, 8030, 0, 6, 3630, 0, 7, 150, 0, 0, 0
Mon Sep 20 22:47:13 2021, 0, 8030, 0, 6, 3630, 0, 7, 150, 0, 0, 0
Mon Sep 20 22:48:14 2021, 0, 8030, 0, 6, 3630, 0, 7, 150, 0, 0, 0
Mon Sep 20 22:49:14 2021, 0, 8030, 0, 6, 3630, 0, 7, 150, 0, 0, 0
Mon Sep 20 22:50:15 2021, 0, 8030, 0, 6, 3630, 0, 7, 150, 0, 0, 0
Mon Sep 20 22:51:15 2021, 0, 8030, 0, 6, 3630, 0, 7, 150, 0, 0, 0
Mon Sep 20 22:52:16 2021, 0, 8030, 0, 6, 3630, 0, 7, 150, 0, 0, 0
Mon Sep 20 22:53:17 2021, 0, 8030, 0, 6, 3630, 0, 7, 150, 0, 0, 0
Mon Sep 20 22:54:17 2021, 0, 8030, 0, 6, 3630, 0, 7, 150, 0, 0, 0
Mon Sep 20 22:55:18 2021, 0, 8030, 0, 6, 3630, 0, 7, 150, 0, 0, 0
Mon Sep 20 22:56:18 2021, 0, 8030, 0, 6, 3630, 0, 7, 150, 0, 0, 0
Mon Sep 20 22:57:19 2021, 0, 8030, 0, 6, 3630, 0, 7, 150, 0, 0, 0
Mon Sep 20 22:58:19 2021, 0, 8030, 0, 6, 3630, 0, 7, 150, 0, 0, 0
Mon Sep 20 22:59:20 2021, 0, 8030, 0, 6, 3630, 0, 7, 150, 0, 0, 0
Mon Sep 20 23:00:21 2021, 0, 8030, 0, 6, 3630, 0, 7, 150, 0, 0, 0
Mon Sep 20 23:01:21 2021, 0, 8030, 0, 6, 3630, 0, 7, 150, 0, 0, 0
Mon Sep 20 23:02:22 2021, 0, 8030, 0, 6, 3630, 0, 7, 150, 0, 0, 0
Mon Sep 20 23:03:22 2021, 0, 8030, 0, 6, 3630, 0, 7, 150, 0, 0, 0
Mon Sep 20 23:04:23 2021, 0, 8030, 0, 6, 3630, 0, 7, 150, 0, 0, 0
Mon Sep 20 23:05:24 2021, 0, 8030, 0, 6, 3630, 0, 7, 150, 0, 0, 0
Mon Sep 20 23:06:24 2021, 0, 8030, 0, 6, 3630, 0, 7, 150, 0, 0, 0
Mon Sep 20 23:07:25 2021, 0, 8030, 0, 6, 3630, 0, 7, 150, 0, 0, 0
Mon Sep 20 23:08:25 2021, 0, 8030, 0, 6, 3630, 0, 7, 150, 0, 0, 0
Mon Sep 20 23:09:26 2021, 0, 8030, 0, 6, 3630, 0, 7, 150, 0, 0, 0
Mon Sep 20 23:10:26 2021, 0, 8030, 0, 6, 3630, 0, 7, 150, 0, 0, 0
Mon Sep 20 23:11:27 2021, 0, 8030, 0, 6, 3630, 0, 7, 150, 0, 0, 0
Mon Sep 20 23:12:27 2021, 0, 8030, 0, 6, 3630, 0, 7, 150, 0, 0, 0
Mon Sep 20 23:13:28 2021, 0, 8030, 0, 6, 3630, 0, 7, 150, 0, 0, 0
Mon Sep 20 23:14:29 2021, 0, 8030, 0, 6, 3630, 0, 7, 150, 0, 0, 0
Mon Sep 20 23:15:29 2021, 0, 8030, 0, 6, 3630, 0, 7, 150, 0, 0, 0
Mon Sep 20 23:16:30 2021, 0, 8030, 0, 6, 3630, 0, 7, 150, 0, 0, 0
Mon Sep 20 23:17:30 2021, 0, 8030, 0, 6, 3630, 0, 7, 150, 0, 0, 0
Mon Sep 20 23:18:31 2021, 0, 8030, 0, 6, 3630, 0, 7, 150, 0, 0, 0
Mon Sep 20 23:19:32 2021, 0, 8030, 0, 6, 3630, 0, 7, 150, 0, 0, 0
Mon Sep 20 23:20:32 2021, 0, 8030, 0, 6, 3630, 0, 7, 150, 0, 0, 0
Mon Sep 20 23:21:33 2021, 0, 8030, 0, 6, 3630, 0, 7, 150, 0, 0, 0
Mon Sep 20 23:22:33 2021, 0, 8030, 0, 6, 3630, 0, 7, 150, 0, 0, 0
Mon Sep 20 23:23:34 2021, 0, 8030, 0, 6, 3630, 0, 7, 150, 0, 0, 0
Mon Sep 20 23:24:34 2021, 0, 8030, 0, 6, 3630, 0, 7, 150, 0, 0, 0
Mon Sep 20 23:25:35 2021, 0, 8030, 0, 6, 3630, 0, 7, 150, 0, 0, 0
Mon Sep 20 23:26:36 2021, 0, 8030, 0, 6, 3630, 0, 7, 150, 0, 0, 0
Mon Sep 20 23:27:36 2021, 0, 8030, 0, 6, 3630, 0, 7, 150, 0, 0, 0
Mon Sep 20 23:28:37 2021, 0, 8030, 0, 6, 3630, 0, 7, 150, 0, 0, 0
Mon Sep 20 23:29:37 2021, 0, 8030, 0, 6, 3630, 0, 7, 150, 0, 0, 0
Mon Sep 20 23:30:38 2021, 0, 8030, 0, 6, 3630, 0, 7, 150, 0, 0, 0
Mon Sep 20 23:31:39 2021, 0, 8030, 0, 6, 3630, 0, 7, 150, 0, 0, 0
Mon Sep 20 23:32:39 2021, 0, 8030, 0, 6, 3630, 0, 7, 150, 0, 0, 0
Mon Sep 20 23:33:40 2021, 0, 8030, 0, 6, 3630, 0, 7, 150, 0, 0, 0
Mon Sep 20 23:34:40 2021, 0, 8030, 0, 6, 3630, 0, 7, 150, 0, 0, 0
Mon Sep 20 23:35:41 2021, 0, 8030, 0, 6, 3630, 0, 7, 150, 0, 0, 0
Mon Sep 20 23:36:42 2021, 0, 8030, 0, 6, 3630, 0, 7, 150, 0, 0, 0
Mon Sep 20 23:37:42 2021, 0, 8030, 0, 6, 3630, 0, 7, 150, 0, 0, 0
Mon Sep 20 23:38:43 2021, 0, 8030, 0, 6, 3630, 0, 7, 150, 0, 0, 0
Mon Sep 20 23:39:43 2021, 0, 8030, 0, 6, 3630, 0, 7, 150, 0, 0, 0
Mon Sep 20 23:40:44 2021, 0, 8030, 0, 6, 3630, 0, 7, 150, 0, 0, 0
Mon Sep 20 23:41:44 2021, 0, 8030, 0, 6, 3630, 0, 7, 150, 0, 0, 0
Mon Sep 20 23:42:45 2021, 0, 8030, 0, 6, 3630, 0, 7, 150, 0, 0, 0
Mon Sep 20 23:43:46 2021, 0, 8030, 0, 6, 3630, 0, 7, 150, 0, 0, 0
Mon Sep 20 23:44:46 2021, 0, 8030, 0, 6, 3630, 0, 7, 150, 0, 0, 0
Mon Sep 20 23:45:47 2021, 0, 8030, 0, 6, 3630, 0, 7, 150, 0, 0, 0
Mon Sep 20 23:46:47 2021, 0, 8030, 0, 6, 3630, 0, 7, 150, 0, 0, 0
Mon Sep 20 23:47:48 2021, 0, 8030, 0, 6, 3630, 0, 7, 150, 0, 0, 0
Mon Sep 20 23:48:49 2021, 0, 8030, 0, 6, 3630, 0, 7, 150, 0, 0, 0
Mon Sep 20 23:49:49 2021, 0, 8030, 0, 6, 3630, 0, 7, 150, 0, 0, 0
Mon Sep 20 23:50:50 2021, 0, 8030, 0, 6, 3630, 0, 7, 150, 0, 0, 0
Mon Sep 20 23:51:50 2021, 0, 8030, 0, 6, 3630, 0, 7, 150, 0, 0, 0
Mon Sep 20 23:52:51 2021, 0, 8030, 0, 6, 3630, 0, 7, 150, 0, 0, 0
Mon Sep 20 23:53:51 2021, 0, 8030, 0, 6, 3630, 0, 7, 150, 0, 0, 0
Mon Sep 20 23:54:52 2021, 0, 8030, 0, 6, 3630, 0, 7, 150, 0, 0, 0
Mon Sep 20 23:55:53 2021, 0, 8030, 0, 6, 3630, 0, 7, 150, 0, 0, 0
Mon Sep 20 23:56:53 2021, 0, 8030, 0, 6, 3630, 0, 7, 150, 0, 0, 0
Mon Sep 20 23:57:54 2021, 0, 8030, 0, 6, 3630, 0, 7, 150, 0, 0, 0
Mon Sep 20 23:58:54 2021, 0, 8030, 0, 6, 3630, 0, 7, 150, 0, 0, 0
Mon Sep 20 23:59:55 2021, 0, 8030, 0, 6, 3630, 0, 7, 150, 0, 0, 0
